item_id,variable,label,value_labels
0,QL2,Men in household age 25-74,0.0: ZERO; 1.0: ONE; 2.0: TWO; 3.0: THREE; 4.0: FOUR; 5.0: FIVE; 9.0: INAPP
1,QL3,Women in household age 25-74,0.0: ZERO; 1.0: ONE; 2.0: TWO; 3.0: THREE; 4.0: FOUR; 5.0: FIVE; 9.0: INAPP
2,WHO,Position within gender group,"1.0: ONLY MALE, FEMALE; 2.0: OLDER MALE, FEMALE; 3.0: YOUNGER MALE, FEMALE; 4.0: OLDEST MALE, FEMALE; 5.0: 2ND OLDEST MALE, FEMALE; 6.0: YOUNGEST MALE, FEMALE; 7.0: MALE, FEMALE-MOST RECENT B-DAY; 9.0: INAPP"
3,MO,Month R selected,1.0: JANUARY; 2.0: FEBRUARY; 3.0: MARCH; 4.0: APRIL; 5.0: MAY; 6.0: JUNE; 7.0: JULY; 8.0: AUGUST; 9.0: SEPTEMBER; 10.0: OCTOBER; 11.0: NOVEMBER; 12.0: DECEMBER; 99.0: INAPP
4,MO_RCVD,Month self-administered questionnaire returned,1.0: JANUARY-1995; 2.0: FEBRUARY-1995; 3.0: MARCH-1995; 4.0: APRIL-1995; 5.0: MAY-1995; 6.0: JUNE-1995; 7.0: JULY-1995; 8.0: AUGUST-1995; 9.0: SEPTEMBER-1995; 10.0: OCTOBER-1995; 11.0: NOVEMBER-1995; 12.0: DECEMBER-1995; 13.0: JANUARY-1996; 14.0: FEBRUARY-1996; 15.0: MARCH-1996; 16.0: APRIL-1996; 98.0: REFUSED; 99.0: INAPP
5,A1PI_MO,Interview date - Month,1.0: JANUARY; 2.0: FEBRUARY; 3.0: MARCH; 4.0: APRIL; 5.0: MAY; 6.0: JUNE; 7.0: JULY; 8.0: AUGUST; 9.0: SEPTEMBER; 10.0: OCTOBER; 11.0: NOVEMBER; 12.0: DECEMBER
6,A1PA4,Physical health self-evaluated,1.0: POOR; 2.0: FAIR; 3.0: GOOD; 4.0: VERY GOOD; 5.0: EXCELLENT; 7.0: DON'T KNOW; 8.0: REFUSED
7,A1PA5,Mental/emotional health self-evaluated,1.0: POOR; 2.0: FAIR; 3.0: GOOD; 4.0: VERY GOOD; 5.0: EXCELLENT; 7.0: DON'T KNOW; 8.0: REFUSED
8,A1PA6,Health compared to others your age,1.0: MUCH BETTER; 2.0: SOMEWHAT BETTER; 3.0: ABOUT THE SAME; 4.0: SOMEWHAT WORSE; 5.0: MUCH WORSE; 7.0: DON'T KNOW; 8.0: REFUSED
9,A1PA9,Physical health at 16,1.0: POOR; 2.0: FAIR; 3.0: GOOD; 4.0: VERY GOOD; 5.0: EXCELLENT; 7.0: DON'T KNOW; 8.0: REFUSED
10,A1PA10,Mental health at 16,1.0: POOR; 2.0: FAIR; 3.0: GOOD; 4.0: VERY GOOD; 5.0: EXCELLENT; 7.0: DON'T KNOW; 8.0: REFUSED
11,A1PHRTRS,Subjective Heart Attack Risk,0.0: LOWEST RISK; 1.0: LOWER RISK; 2.0: LOW RISK; 3.0: AVERAGE RISK; 4.0: HIGH RISK; 5.0: HIGHER RISK; 6.0: HIGHEST RISK; 9.0: NOT CALCULATED
12,A1PCACRS,Subjective Cancer Risk,0.0: LOWEST RISK; 1.0: LOWER RISK; 2.0: LOW RISK; 3.0: AVERAGE RISK; 4.0: HIGH RISK; 5.0: HIGHER RISK; 6.0: HIGHEST RISK; 9.0: NOT CALCULATED
13,A1PA54,"When drank most, had at least one (frequency)",1.0: EVERY DAY; 2.0: 5 OR 6 DAYS A WEEK; 3.0: 3 OR 4 A DAYS A WEEK; 4.0: 1 OR 2 DAYS A WEEK; 5.0: LESS THAN ONE DAY A WEEK; 6.0: NEVER DRINK; 7.0: DON'T KNOW; 8.0: REFUSED; 9.0: INAPP
14,A1PA68MO,Most recent month sad/depressed,1.0: JANUARY; 2.0: FEBRUARY; 3.0: MARCH; 4.0: APRIL; 5.0: MAY; 6.0: JUNE; 7.0: JULY; 8.0: AUGUST; 9.0: SEPTEMBER; 10.0: OCTOBER; 11.0: NOVEMBER; 12.0: DECEMBER; 96.0: CURRENTLY FEEL THIS WAY; 97.0: DON'T KNOW; 98.0: REFUSED; 99.0: INAPP
15,A1PA79MO,Most recent month lost interest,1.0: JANUARY; 2.0: FEBRUARY; 3.0: MARCH; 4.0: APRIL; 5.0: MAY; 6.0: JUNE; 7.0: JULY; 8.0: AUGUST; 9.0: SEPTEMBER; 10.0: OCTOBER; 11.0: NOVEMBER; 12.0: DECEMBER; 97.0: DON'T KNOW; 98.0: REFUSED; 99.0: INAPP
16,A1PA81,Frequency of worrying (12 months),1.0: EVERY DAY; 2.0: JUST ABOUT EVERY DAY; 3.0: MOST DAYS; 4.0: ABOUT HALF THE DAYS; 5.0: LESS THAN HALF THE DAYS; 7.0: DON'T KNOW; 8.0: REFUSED; 9.0: INAPP
17,A1PB1,Highest level of education completed,"1.0: NO SCHOOL/SOME GRADE SCHOOL; 2.0: EIGHTH GRADE/ JUNIOR HIGH SCHOOL; 3.0: SOME HIGH SCHOOL; 4.0: GED; 5.0: GRADUATED FROM HIGH SCHOOL; 6.0: 1 TO 2 YEARS OF COLLEGE, NO DEGREE YET; 7.0: 3 OR MORE YEARS OF COLLEGE, NO DEGREE YET; 8.0: GRAD 2 YEAR COLLEGE OR VOC SCHOOL, OR ASSOCIATES DEGREE; 9.0: GRAD 4 OR 5 YEAR COLLEGE OR BACHELORS DEGREE; 10.0: SOME GRADUATE SCHOOL; 11.0: MASTERS DEGREE; 12.0:  PH.D, ED.D, MD, DDS, LLB, LLD, JD, OR OTHER PROF DEGREE; 97.0: DON'T KNOW; 98.0: REFUSED"
18,A1PSXEDAG,Sex/Edu/Age category of R,1.0: MALE/LO/YOUNGER; 2.0: MALE/LO/MIDDLE; 3.0: MALE/LO/OLDER; 4.0: MALE/HI/YOUNGER; 5.0: MALE/HI/MIDDLE; 6.0: MALE/HI/OLDER; 7.0: FEMALE/LO/YOUNGER; 8.0: FEMALE/LO/MIDDLE; 9.0: FEMALE/LO/OLDER; 10.0: FEMALE/HI/YOUNGER; 11.0: FEMALE/HI/MIDDLE; 12.0: FEMALE/HI/OLDER; 99.0: NOT CALCULATED
19,A1POCMJ,R's current occupation - major groups,"1.0: EXECUTIVE, ADMINISTRATIVE, AND MANAGERIAL; 2.0: PROFESSIONAL SPECIALTY; 3.0: TECHNICIAN AND RELATED SUPPORT; 4.0: SALES OCCUPATION; 5.0: ADMINISTRATIVE SUPPORT INCLUDING CLERICAL; 6.0: SERVICE OCCUPATION; 7.0: FARMING, FORESTRY, AND FISHING; 8.0: PRECISION PRODUCTION, CRAFTS, AND REPAIR; 9.0: OPERATOR, LABORER, AND MILITARY; 97.0: DON'T KNOW; 98.0: REFUSED; 99.0: INAPP"
20,A1PINMJ,R's current industry - major groups,"1.0: AGRICULTURE, FORESTRY, FISHING, AND MINING; 2.0: CONSTRUCTION; 3.0: MANUFACTURING; 4.0: TRANSPORTATION, COMMUNICATIONS, AND PUBLIC UTILITY; 5.0: WHOLESALE TRADE; 6.0: RETAIL TRADE; 7.0: FINANCE, INSURANCE, AND REAL ESTATE; 8.0: BUSINESS AND REPAIR SERVICES; 9.0: PERSONAL SERVICES; 10.0: ENTERTAINMENT AND RECREATIONAL SERVICES; 11.0: PROFESSIONAL AND RELATED SERVICES; 12.0: PUBLIC ADMINISTRATION; 97.0: DON'T KNOW; 98.0: REFUSED; 99.0: INAPP"
21,A1POCPMJ,R's previous occupation - major groups,"1.0: EXECUTIVE, ADMINISTRATIVE, AND MANAGERIAL; 2.0: PROFESSIONAL SPECIALTY; 3.0: TECHNICIAN AND RELATED SUPPORT; 4.0: SALES OCCUPATION; 5.0: ADMINISTRATIVE SUPPORT INCLUDING CLERICAL; 6.0: SERVICE OCCUPATION; 7.0: FARMING, FORESTRY, AND FISHING; 8.0: PRECISION PRODUCTION, CRAFTS, AND REPAIR; 9.0: OPERATOR, LABORER, AND MILITARY; 97.0: DON'T KNOW; 98.0: REFUSED; 99.0: INAPP"
22,A1PINPMJ,R's previous industry - major groups,"1.0: AGRICULTURE, FORESTRY, FISHING, AND MINING; 2.0: CONSTRUCTION; 3.0: MANUFACTURING; 4.0: TRANSPORTATION, COMMUNICATIONS, AND PUBLIC UTILITY; 5.0: WHOLESALE TRADE; 6.0: RETAIL TRADE; 7.0: FINANCE, INSURANCE, AND REAL ESTATE; 8.0: BUSINESS AND REPAIR SERVICES; 9.0: PERSONAL SERVICES; 10.0: ENTERTAINMENT AND RECREATIONAL SERVICES; 11.0: PROFESSIONAL AND RELATED SERVICES; 12.0: PUBLIC ADMINISTRATION; 97.0: DON'T KNOW; 98.0: REFUSED; 99.0: INAPP"
23,A1PB17,Marital status currently,1.0: MARRIED; 2.0: SEPERATED; 3.0: DIVORCED; 4.0: WIDOWED; 5.0: NEVER MARRIED; 7.0: DON'T KNOW; 8.0: REFUSED
24,A1PB18MO,Month married (first marriage),1.0: JANUARY; 2.0: FEBRUARY; 3.0: MARCH; 4.0: APRIL; 5.0: MAY; 6.0: JUNE; 7.0: JULY; 8.0: AUGUST; 9.0: SEPTEMBER; 10.0: OCTOBER; 11.0: NOVEMBER; 12.0: DECEMBER; 97.0: DON'T KNOW; 98.0: REFUSED; 99.0: INAPP
25,A1PB20AMO,Month spouse died (first marriage),1.0: JANUARY; 2.0: FEBRUARY; 3.0: MARCH; 4.0: APRIL; 5.0: MAY; 6.0: JUNE; 7.0: JULY; 8.0: AUGUST; 9.0: SEPTEMBER; 10.0: OCTOBER; 11.0: NOVEMBER; 12.0: DECEMBER; 97.0: DON'T KNOW; 98.0: REFUSED; 99.0: INAPP
26,A1PB20BMO,Month last live with spouse (first marriage),1.0: JANUARY; 2.0: FEBRUARY; 3.0: MARCH; 4.0: APRIL; 5.0: MAY; 6.0: JUNE; 7.0: JULY; 8.0: AUGUST; 9.0: SEPTEMBER; 10.0: OCTOBER; 11.0: NOVEMBER; 12.0: DECEMBER; 97.0: DON'T KNOW; 98.0: REFUSED; 99.0: INAPP
27,A1PB21MO,Month married (recent marriage),1.0: JANUARY; 2.0: FEBRUARY; 3.0: MARCH; 4.0: APRIL; 5.0: MAY; 6.0: JUNE; 7.0: JULY; 8.0: AUGUST; 9.0: SEPTEMBER; 10.0: OCTOBER; 11.0: NOVEMBER; 12.0: DECEMBER; 97.0: DON'T KNOW; 98.0: REFUSED; 99.0: INAPP
28,A1PB22MO,Month last live with spouse (recent marriage),1.0: JANUARY; 2.0: FEBRUARY; 3.0: MARCH; 4.0: APRIL; 5.0: MAY; 6.0: JUNE; 7.0: JULY; 8.0: AUGUST; 9.0: SEPTEMBER; 10.0: OCTOBER; 11.0: NOVEMBER; 12.0: DECEMBER; 97.0: DON'T KNOW; 98.0: REFUSED; 99.0: INAPP
29,A1PB23MO,Month spouse died (recent marriage),1.0: JANUARY; 2.0: FEBRUARY; 3.0: MARCH; 4.0: APRIL; 5.0: MAY; 6.0: JUNE; 7.0: JULY; 8.0: AUGUST; 9.0: SEPTEMBER; 10.0: OCTOBER; 11.0: NOVEMBER; 12.0: DECEMBER; 97.0: DON'T KNOW; 98.0: REFUSED; 99.0: INAPP
30,A1PB27,Spouse/partner highest level of education completed,"1.0: NO SCHOOL/SOME GRADE SCHOOL; 2.0: EIGHTH GRADE/ JUNIOR HIGH SCHOOL; 3.0: SOME HIGH SCHOOL; 4.0: GED; 5.0: GRADUATED FROM HIGH SCHOOL; 6.0: 1 TO 2 YEARS OF COLLEGE, NO DEGREE YET; 7.0: 3 OR MORE YEARS OF COLLEGE, NO DEGREE YET; 8.0: GRAD 2 YEAR COLLEGE OR VOC SCHOOL, OR ASSOCIATES DEGREE; 9.0: GRAD 4 OR 5 YEAR COLLEGE OR BACHELORS DEGREE; 10.0: SOME GRADUATE SCHOOL; 11.0: MASTERS DEGREE; 12.0:  PH.D, ED.D, MD, DDS, LLB, LLD, JD, OR OTHER PROF DEGREE; 97.0: DON'T KNOW; 98.0: REFUSED; 99.0: INAPP"
31,A1PSSXEDAG,Spouse/partner Sex/Edu/Age category,1.0: MALE/LO/YOUNGER; 2.0: MALE/LO/MIDDLE; 3.0: MALE/LO/OLDER; 4.0: MALE/HI/YOUNGER; 5.0: MALE/HI/MIDDLE; 6.0: MALE/HI/OLDER; 7.0: FEMALE/LO/YOUNGER; 8.0: FEMALE/LO/MIDDLE; 9.0: FEMALE/LO/OLDER; 10.0: FEMALE/HI/YOUNGER; 11.0: FEMALE/HI/MIDDLE; 12.0: FEMALE/HI/OLDER; 99.0: NOT CALCULATED
32,A1POCSMJ,Spousal occupation - major groups,"1.0: EXECUTIVE, ADMINISTRATIVE, AND MANAGERIAL; 2.0: PROFESSIONAL SPECIALTY; 3.0: TECHNICIAN AND RELATED SUPPORT; 4.0: SALES OCCUPATION; 5.0: ADMINISTRATIVE SUPPORT INCLUDING CLERICAL; 6.0: SERVICE OCCUPATION; 7.0: FARMING, FORESTRY, AND FISHING; 8.0: PRECISION PRODUCTION, CRAFTS, AND REPAIR; 9.0: OPERATOR, LABORER, AND MILITARY; 97.0: DON'T KNOW; 98.0: REFUSED; 99.0: INAPP"
33,A1PINSMJ,Spousal industry - major groups,"1.0: AGRICULTURE, FORESTRY, FISHING, AND MINING; 2.0: CONSTRUCTION; 3.0: MANUFACTURING; 4.0: TRANSPORTATION, COMMUNICATIONS, AND PUBLIC UTILITY; 5.0: WHOLESALE TRADE; 6.0: RETAIL TRADE; 7.0: FINANCE, INSURANCE, AND REAL ESTATE; 8.0: BUSINESS AND REPAIR SERVICES; 9.0: PERSONAL SERVICES; 10.0: ENTERTAINMENT AND RECREATIONAL SERVICES; 11.0: PROFESSIONAL AND RELATED SERVICES; 12.0: PUBLIC ADMINISTRATION; 97.0: DON'T KNOW; 98.0: REFUSED; 99.0: INAPP"
34,A1PCC,Male head of household (C1.3),1.0: BIOLOGICAL FATHER; 2.0: ADOPTIVE FATHER; 3.0: STEP FATHER; 4.0: OTHER MALE; 5.0: NO MALE IN HOUSEHOLD; 7.0: DON'T KNOW; 8.0: REFUSED; 9.0: INAPP
35,A1PC2,Father/Male head of household - Highest education level,"1.0: NO SCHOOL/SOME GRADE SCHOOL; 2.0: EIGHTH GRADE/ JUNIOR HIGH SCHOOL; 3.0: SOME HIGH SCHOOL; 4.0: GED; 5.0: GRADUATED FROM HIGH SCHOOL; 6.0: 1 TO 2 YEARS OF COLLEGE, NO DEGREE YET; 7.0: 3 OR MORE YEARS OF COLLEGE, NO DEGREE YET; 8.0: GRAD 2 YEAR COLLEGE OR VOC SCHOOL, OR ASSOCIATES DEGREE; 9.0: GRAD 4 OR 5 YEAR COLLEGE OR BACHELORS DEGREE; 10.0: SOME GRADUATE SCHOOL; 11.0: MASTERS DEGREE; 12.0:  PH.D, ED.D, MD, DDS, LLB, LLD, JD, OR OTHER PROF DEGREE; 97.0: DON'T KNOW; 98.0: REFUSED; 99.0: INAPP"
36,A1PC3,Father/Male head of household - Work for pay,"1.0: ALL; 2.0: MOST; 3.0: SOME; 4.0: A LITTLE; 5.0: NOT AT ALL; 6.0: WORKED, DON'T KNOW HOW MUCH; 7.0: DON'T KNOW; 8.0: REFUSED; 9.0: INAPP"
37,A1POCDMJ,Father/Male head of household - occupation major group (1980 Census),"1.0: EXECUTIVE, ADMINISTRATIVE, AND MANAGERIAL; 2.0: PROFESSIONAL SPECIALTY; 3.0: TECHNICIAN AND RELATED SUPPORT; 4.0: SALES OCCUPATION; 5.0: ADMINISTRATIVE SUPPORT INCLUDING CLERICAL; 6.0: SERVICE OCCUPATION; 7.0: FARMING, FORESTRY, AND FISHING; 8.0: PRECISION PRODUCTION, CRAFTS, AND REPAIR; 9.0: OPERATOR, LABORER, AND MILITARY; 97.0: DON'T KNOW; 98.0: REFUSED; 99.0: INAPP"
38,A1PINDMJ,Father/Male head of household - industry major group (1980 Census),"1.0: AGRICULTURE, FORESTRY, FISHING, AND MINING; 2.0: CONSTRUCTION; 3.0: MANUFACTURING; 4.0: TRANSPORTATION, COMMUNICATIONS, AND PUBLIC UTILITY; 5.0: WHOLESALE TRADE; 6.0: RETAIL TRADE; 7.0: FINANCE, INSURANCE, AND REAL ESTATE; 8.0: BUSINESS AND REPAIR SERVICES; 9.0: PERSONAL SERVICES; 10.0: ENTERTAINMENT AND RECREATIONAL SERVICES; 11.0: PROFESSIONAL AND RELATED SERVICES; 12.0: PUBLIC ADMINISTRATION; 97.0: DON'T KNOW; 98.0: REFUSED; 99.0: INAPP"
39,A1PC7,Female head of household,1.0: BIOLOGICAL MOTHER; 2.0: ADOPTIVE MOTHER; 3.0: STEP MOTHER; 4.0: OTHER FEMALE; 5.0: NO FEMALE IN HOUSEHOLD; 7.0: DON'T KNOW; 8.0: REFUSED; 9.0: INAPP
40,A1PC8,Mother/Female head of household - Highest education level,"1.0: NO SCHOOL/SOME GRADE SCHOOL; 2.0: EIGHTH GRADE/ JUNIOR HIGH SCHOOL; 3.0: SOME HIGH SCHOOL; 4.0: GED; 5.0: GRADUATED FROM HIGH SCHOOL; 6.0: 1 TO 2 YEARS OF COLLEGE, NO DEGREE YET; 7.0: 3 OR MORE YEARS OF COLLEGE, NO DEGREE YET; 8.0: GRAD 2 YEAR COLLEGE OR VOC SCHOOL, OR ASSOCIATES DEGREE; 9.0: GRAD 4 OR 5 YEAR COLLEGE OR BACHELORS DEGREE; 10.0: SOME GRADUATE SCHOOL; 11.0: MASTERS DEGREE; 12.0:  PH.D, ED.D, MD, DDS, LLB, LLD, JD, OR OTHER PROF DEGREE; 97.0: DON'T KNOW; 98.0: REFUSED; 99.0: INAPP"
41,A1PC9,Mother/Female head of household - Work for pay,"1.0: ALL; 2.0: MOST; 3.0: SOME; 4.0: A LITTLE; 5.0: NOT AT ALL; 6.0: WORKED, DON'T KNOW HOW MUCH; 7.0: DON'T KNOW; 8.0: REFUSED; 9.0: INAPP"
42,A1POCMMJ,Mother/Female head of household - occupation major group (1980 Census),"1.0: EXECUTIVE, ADMINISTRATIVE, AND MANAGERIAL; 2.0: PROFESSIONAL SPECIALTY; 3.0: TECHNICIAN AND RELATED SUPPORT; 4.0: SALES OCCUPATION; 5.0: ADMINISTRATIVE SUPPORT INCLUDING CLERICAL; 6.0: SERVICE OCCUPATION; 7.0: FARMING, FORESTRY, AND FISHING; 8.0: PRECISION PRODUCTION, CRAFTS, AND REPAIR; 9.0: OPERATOR, LABORER, AND MILITARY; 97.0: DON'T KNOW; 98.0: REFUSED; 99.0: INAPP"
43,A1PINMMJ,Mother/Female head of household - industry major group (1980 Census),"1.0: AGRICULTURE, FORESTRY, FISHING, AND MINING; 2.0: CONSTRUCTION; 3.0: MANUFACTURING; 4.0: TRANSPORTATION, COMMUNICATIONS, AND PUBLIC UTILITY; 5.0: WHOLESALE TRADE; 6.0: RETAIL TRADE; 7.0: FINANCE, INSURANCE, AND REAL ESTATE; 8.0: BUSINESS AND REPAIR SERVICES; 9.0: PERSONAL SERVICES; 10.0: ENTERTAINMENT AND RECREATIONAL SERVICES; 11.0: PROFESSIONAL AND RELATED SERVICES; 12.0: PUBLIC ADMINISTRATION; 97.0: DON'T KNOW; 98.0: REFUSED; 99.0: INAPP"
44,A1PD8,Rate contribution to others (whole life),1.0: EXCELLENT; 2.0: VERY GOOD; 3.0: GOOD; 4.0: FAIR; 5.0: POOR; 7.0: DON'T KNOW; 8.0: REFUSED
45,A1SA7A,Keeping healthy depends on things I do,-1.0: RESPONDENT DOES NOT HAVE SAQ DATA; 1.0: AGREE STRONGLY; 2.0: AGREE SOMEWHAT; 3.0: AGREE A LITTLE; 4.0: DON'T KNOW; 5.0: DISAGREE A LITTLE; 6.0: DISAGREE SOMEWHAT; 7.0: DISAGREE STRONGLY; 8.0: REFUSED
46,A1SA7B,Things I can do to reduce heart attack risk,-1.0: RESPONDENT DOES NOT HAVE SAQ DATA; 1.0: AGREE STRONGLY; 2.0: AGREE SOMEWHAT; 3.0: AGREE A LITTLE; 4.0: DON'T KNOW; 5.0: DISAGREE A LITTLE; 6.0: DISAGREE SOMEWHAT; 7.0: DISAGREE STRONGLY; 8.0: REFUSED
47,A1SA7C,Things I can do to reduce cancer risk,-1.0: RESPONDENT DOES NOT HAVE SAQ DATA; 1.0: AGREE STRONGLY; 2.0: AGREE SOMEWHAT; 3.0: AGREE A LITTLE; 4.0: DON'T KNOW; 5.0: DISAGREE A LITTLE; 6.0: DISAGREE SOMEWHAT; 7.0: DISAGREE STRONGLY; 8.0: REFUSED
48,A1SA7D,I work hard at trying to stay healthy,-1.0: RESPONDENT DOES NOT HAVE SAQ DATA; 1.0: AGREE STRONGLY; 2.0: AGREE SOMEWHAT; 3.0: AGREE A LITTLE; 4.0: DON'T KNOW; 5.0: DISAGREE A LITTLE; 6.0: DISAGREE SOMEWHAT; 7.0: DISAGREE STRONGLY; 8.0: REFUSED
49,A1SA7E,Getting better is in doctorâ€™s hands,-1.0: RESPONDENT DOES NOT HAVE SAQ DATA; 1.0: AGREE STRONGLY; 2.0: AGREE SOMEWHAT; 3.0: AGREE A LITTLE; 4.0: DON'T KNOW; 5.0: DISAGREE A LITTLE; 6.0: DISAGREE SOMEWHAT; 7.0: DISAGREE STRONGLY; 8.0: REFUSED
50,A1SA7F,Difficult to get good medical care,-1.0: RESPONDENT DOES NOT HAVE SAQ DATA; 1.0: AGREE STRONGLY; 2.0: AGREE SOMEWHAT; 3.0: AGREE A LITTLE; 4.0: DON'T KNOW; 5.0: DISAGREE A LITTLE; 6.0: DISAGREE SOMEWHAT; 7.0: DISAGREE STRONGLY; 8.0: REFUSED
51,A1SA12A,Headaches frequency (30 days),-1.0: RESPONDENT DOES NOT HAVE SAQ DATA; 1.0: ALMOST EVERYT DAY; 2.0: SEVERAL TIMES A WEEK; 3.0: ONCE A WEEK; 4.0: SEVERAL TIMES A MONTH; 5.0: ONCE A MONTH; 6.0: NOT AT ALL; 8.0: REFUSED
52,A1SA12B,Backaches frequency (30 days),-1.0: RESPONDENT DOES NOT HAVE SAQ DATA; 1.0: ALMOST EVERYT DAY; 2.0: SEVERAL TIMES A WEEK; 3.0: ONCE A WEEK; 4.0: SEVERAL TIMES A MONTH; 5.0: ONCE A MONTH; 6.0: NOT AT ALL; 8.0: REFUSED
53,A1SA12C,Sweat frequency (30 days),-1.0: RESPONDENT DOES NOT HAVE SAQ DATA; 1.0: ALMOST EVERYT DAY; 2.0: SEVERAL TIMES A WEEK; 3.0: ONCE A WEEK; 4.0: SEVERAL TIMES A MONTH; 5.0: ONCE A MONTH; 6.0: NOT AT ALL; 8.0: REFUSED
54,A1SA12D,Irritability frequency (30 days),-1.0: RESPONDENT DOES NOT HAVE SAQ DATA; 1.0: ALMOST EVERYT DAY; 2.0: SEVERAL TIMES A WEEK; 3.0: ONCE A WEEK; 4.0: SEVERAL TIMES A MONTH; 5.0: ONCE A MONTH; 6.0: NOT AT ALL; 8.0: REFUSED
55,A1SA12E,Hot flushes/flashes frequency (30 days),-1.0: RESPONDENT DOES NOT HAVE SAQ DATA; 1.0: ALMOST EVERYT DAY; 2.0: SEVERAL TIMES A WEEK; 3.0: ONCE A WEEK; 4.0: SEVERAL TIMES A MONTH; 5.0: ONCE A MONTH; 6.0: NOT AT ALL; 8.0: REFUSED
56,A1SA12F,Aches/joint stiffness frequency (30 days),-1.0: RESPONDENT DOES NOT HAVE SAQ DATA; 1.0: ALMOST EVERYT DAY; 2.0: SEVERAL TIMES A WEEK; 3.0: ONCE A WEEK; 4.0: SEVERAL TIMES A MONTH; 5.0: ONCE A MONTH; 6.0: NOT AT ALL; 8.0: REFUSED
57,A1SA12G,Falling/staying sleep frequency (30 days),-1.0: RESPONDENT DOES NOT HAVE SAQ DATA; 1.0: ALMOST EVERYT DAY; 2.0: SEVERAL TIMES A WEEK; 3.0: ONCE A WEEK; 4.0: SEVERAL TIMES A MONTH; 5.0: ONCE A MONTH; 6.0: NOT AT ALL; 8.0: REFUSED
58,A1SA12H,Leaking urine frequency (30 days),-1.0: RESPONDENT DOES NOT HAVE SAQ DATA; 1.0: ALMOST EVERYT DAY; 2.0: SEVERAL TIMES A WEEK; 3.0: ONCE A WEEK; 4.0: SEVERAL TIMES A MONTH; 5.0: ONCE A MONTH; 6.0: NOT AT ALL; 8.0: REFUSED
59,A1SA12I,Intercourse pain/discomfort frequency (30 days),-1.0: RESPONDENT DOES NOT HAVE SAQ DATA; 1.0: ALMOST EVERYT DAY; 2.0: SEVERAL TIMES A WEEK; 3.0: ONCE A WEEK; 4.0: SEVERAL TIMES A MONTH; 5.0: ONCE A MONTH; 6.0: NOT AT ALL; 8.0: REFUSED
60,A1SA13A,Felt so sad nothing could cheer frequency (30 days),-1.0: RESPONDENT DOES NOT HAVE SAQ DATA; 1.0: ALL THE TIME; 2.0: MOST OF THE TIME; 3.0: SOME OF THE TIME; 4.0: A LITTLE OF THE TIME; 5.0: NONE OF THE TIME; 8.0: REFUSED
61,A1SA13B,Felt nervous frequency (30 days),-1.0: RESPONDENT DOES NOT HAVE SAQ DATA; 1.0: ALL THE TIME; 2.0: MOST OF THE TIME; 3.0: SOME OF THE TIME; 4.0: A LITTLE OF THE TIME; 5.0: NONE OF THE TIME; 8.0: REFUSED
62,A1SA13C,Felt restless frequency (30 days),-1.0: RESPONDENT DOES NOT HAVE SAQ DATA; 1.0: ALL THE TIME; 2.0: MOST OF THE TIME; 3.0: SOME OF THE TIME; 4.0: A LITTLE OF THE TIME; 5.0: NONE OF THE TIME; 8.0: REFUSED
63,A1SA13D,Felt hopeless frequency (30 days),-1.0: RESPONDENT DOES NOT HAVE SAQ DATA; 1.0: ALL THE TIME; 2.0: MOST OF THE TIME; 3.0: SOME OF THE TIME; 4.0: A LITTLE OF THE TIME; 5.0: NONE OF THE TIME; 8.0: REFUSED
64,A1SA13E,Felt everything was effort frequency (30 days),-1.0: RESPONDENT DOES NOT HAVE SAQ DATA; 1.0: ALL THE TIME; 2.0: MOST OF THE TIME; 3.0: SOME OF THE TIME; 4.0: A LITTLE OF THE TIME; 5.0: NONE OF THE TIME; 8.0: REFUSED
65,A1SA13F,Felt worthless frequency (30 days),-1.0: RESPONDENT DOES NOT HAVE SAQ DATA; 1.0: ALL THE TIME; 2.0: MOST OF THE TIME; 3.0: SOME OF THE TIME; 4.0: A LITTLE OF THE TIME; 5.0: NONE OF THE TIME; 8.0: REFUSED
66,A1SA14,More or less than usual negative feelings (30 days),-1.0: RESPONDENT DOES NOT HAVE SAQ DATA; 1.0: A LOT MORE OFTEN THAN USUAL; 2.0: SOMEWHAT MORE OFTEN THAN USUAL; 3.0: A LITTLE MORE OFTEN THAN USUAL; 4.0: ABOUT THE SAME AS USUAL; 5.0: A LITTLE LESS OFTEN THAN USUAL; 6.0: SOMEWHAT LESS OFTEN THAN USUAL; 7.0: A LOT LESS OFTEN THAN USUAL; 98.0: REFUSED
67,A1SA15A,Felt cheerful frequency (30 days),-1.0: RESPONDENT DOES NOT HAVE SAQ DATA; 1.0: ALL THE TIME; 2.0: MOST OF THE TIME; 3.0: SOME OF THE TIME; 4.0: A LITTLE OF THE TIME; 5.0: NONE OF THE TIME; 8.0: REFUSED
68,A1SA15B,Felt good spirits frequency (30 days),-1.0: RESPONDENT DOES NOT HAVE SAQ DATA; 1.0: ALL THE TIME; 2.0: MOST OF THE TIME; 3.0: SOME OF THE TIME; 4.0: A LITTLE OF THE TIME; 5.0: NONE OF THE TIME; 8.0: REFUSED
69,A1SA15C,Felt extremely happy frequency (30 days),-1.0: RESPONDENT DOES NOT HAVE SAQ DATA; 1.0: ALL THE TIME; 2.0: MOST OF THE TIME; 3.0: SOME OF THE TIME; 4.0: A LITTLE OF THE TIME; 5.0: NONE OF THE TIME; 8.0: REFUSED
70,A1SA15D,Felt calm and peaceful frequency (30 days),-1.0: RESPONDENT DOES NOT HAVE SAQ DATA; 1.0: ALL THE TIME; 2.0: MOST OF THE TIME; 3.0: SOME OF THE TIME; 4.0: A LITTLE OF THE TIME; 5.0: NONE OF THE TIME; 8.0: REFUSED
71,A1SA15E,Felt satisfied frequency (30 days),-1.0: RESPONDENT DOES NOT HAVE SAQ DATA; 1.0: ALL THE TIME; 2.0: MOST OF THE TIME; 3.0: SOME OF THE TIME; 4.0: A LITTLE OF THE TIME; 5.0: NONE OF THE TIME; 8.0: REFUSED
72,A1SA15F,Felt full of life frequency (30 days),-1.0: RESPONDENT DOES NOT HAVE SAQ DATA; 1.0: ALL THE TIME; 2.0: MOST OF THE TIME; 3.0: SOME OF THE TIME; 4.0: A LITTLE OF THE TIME; 5.0: NONE OF THE TIME; 8.0: REFUSED
73,A1SA16,More or less than usual positive feelings (30 days),-1.0: RESPONDENT DOES NOT HAVE SAQ DATA; 1.0: A LOT MORE OFTEN THAN USUAL; 2.0: SOMEWHAT MORE OFTEN THAN USUAL; 3.0: A LITTLE MORE OFTEN THAN USUAL; 4.0: ABOUT THE SAME AS USUAL; 5.0: A LITTLE LESS OFTEN THAN USUAL; 6.0: SOMEWHAT LESS OFTEN THAN USUAL; 7.0: A LOT LESS OFTEN THAN USUAL; 98.0: REFUSED
74,A1SA18,Summer vigorous activity,-1.0: RESPONDENT DOES NOT HAVE SAQ DATA; 1.0: SEVERAL TIMES A WEEK OR MORE; 2.0: ABOUT ONCE A WEEK; 3.0: SEVERAL TIMES A MONTH; 4.0: ABOUT ONCE A MONTH; 5.0: LESS THAN ONCE A MONTH; 6.0: NEVER; 8.0: REFUSED
75,A1SA19,Winter vigorous activity,-1.0: RESPONDENT DOES NOT HAVE SAQ DATA; 1.0: SEVERAL TIMES A WEEK OR MORE; 2.0: ABOUT ONCE A WEEK; 3.0: SEVERAL TIMES A MONTH; 4.0: ABOUT ONCE A MONTH; 5.0: LESS THAN ONCE A MONTH; 6.0: NEVER; 8.0: REFUSED
76,A1SA20,Summer moderate activity,-1.0: RESPONDENT DOES NOT HAVE SAQ DATA; 1.0: SEVERAL TIMES A WEEK OR MORE; 2.0: ABOUT ONCE A WEEK; 3.0: SEVERAL TIMES A MONTH; 4.0: ABOUT ONCE A MONTH; 5.0: LESS THAN ONCE A MONTH; 6.0: NEVER; 8.0: REFUSED
77,A1SA21,Winter moderate activity,-1.0: RESPONDENT DOES NOT HAVE SAQ DATA; 1.0: SEVERAL TIMES A WEEK OR MORE; 2.0: ABOUT ONCE A WEEK; 3.0: SEVERAL TIMES A MONTH; 4.0: ABOUT ONCE A MONTH; 5.0: LESS THAN ONCE A MONTH; 6.0: NEVER; 8.0: REFUSED
78,A1SA26,"Perception of weight (over, under, etc)",-1.0: RESPONDENT DOES NOT HAVE SAQ DATA; 1.0: VERY OVERWEIGHT; 2.0: SOMEWHAT OVERWEIGHT; 3.0: ABOUT THE RIGHT WEIGHT; 4.0: SOMEWHAT UNDERWEIGHT; 5.0: VERY UNDERWEIGHT; 8.0: REFUSED
79,A1SA41,Number of times substance more than intended (12 months),-1.0: RESPONDENT DOES NOT HAVE SAQ DATA; 1.0: NEVER; 2.0: ONCE OR TWICE; 3.0: 3 TO 5 TIMES; 4.0: 6 TO 10 TIMES; 5.0: 11 TO 20 TIMES; 6.0: MORE THAN 20 TIMES; 8.0: REFUSED; 9.0: INAPP
80,A1SA42,Number of times substance effects at work/etc (12 months),-1.0: RESPONDENT DOES NOT HAVE SAQ DATA; 1.0: NEVER; 2.0: ONCE OR TWICE; 3.0: 3 TO 5 TIMES; 4.0: 6 TO 10 TIMES; 5.0: 11 TO 20 TIMES; 6.0: MORE THAN 20 TIMES; 8.0: REFUSED; 9.0: INAPP
81,A1SA45,Number of times alcohol more than intended (12 months),-1.0: RESPONDENT DOES NOT HAVE SAQ DATA; 1.0: NEVER; 2.0: ONCE OR TWICE; 3.0: 3 TO 5 TIMES; 4.0: 6 TO 10 TIMES; 5.0: 11 TO 20 TIMES; 6.0: MORE THAN 20 TIMES; 8.0: REFUSED
82,A1SA46,Number of times alcohol effects at work/etc (12 months),-1.0: RESPONDENT DOES NOT HAVE SAQ DATA; 1.0: NEVER; 2.0: ONCE OR TWICE; 3.0: 3 TO 5 TIMES; 4.0: 6 TO 10 TIMES; 5.0: 11 TO 20 TIMES; 6.0: MORE THAN 20 TIMES; 8.0: REFUSED
83,A1SB4,Relief or regret menstrual periods stop,-1.0: RESPONDENT DOES NOT HAVE SAQ DATA; 1.0: GREAT RELIEF; 2.0: SOME RELIEF; 3.0: MIXED RELIEF; 4.0: SOME REGRET; 5.0: GREAT REGRET; 6.0: NO PARTICULAR FEELING EITHER WAY; 8.0: REFUSED; 9.0: INAPP
84,A1SB10C,Why no period,"-1.0: RESPONDENT DOES NOT HAVE SAQ DATA; 1.0: PREGNANCY; 2.0: EXTREME DIETING; 3.0: SIDE EFFECT OF, OR CAUSED BY SURGERY; 4.0: SIDE EFFECT OF, OR CAUSED BY MEDICATION; 5.0: POSSIBLE BEGINNING OF MENOPAUSE; 7.0: DON'T KNOW; 8.0: REFUSED; 9.0: INAPP"
85,A1SD1,Mothers past health,-1.0: RESPONDENT DOES NOT HAVE SAQ DATA; 1.0: EXCELLENT; 2.0: VERY GOOD; 3.0: GOOD; 4.0: FAIR; 5.0: POOR; 6.0: DECEASED; 7.0: DON'T KNOW; 8.0: REFUSED
86,A1SD2B,Rate physical health of biological mother,-1.0: RESPONDENT DOES NOT HAVE SAQ DATA; 1.0: EXCELLENT; 2.0: VERY GOOD; 3.0: GOOD; 4.0: FAIR; 5.0: POOR; 8.0: REFUSED; 9.0: INAPP
87,A1SD3,Fathers past health,-1.0: RESPONDENT DOES NOT HAVE SAQ DATA; 1.0: EXCELLENT; 2.0: VERY GOOD; 3.0: GOOD; 4.0: FAIR; 5.0: POOR; 6.0: DECEASED; 7.0: DON'T KNOW; 8.0: REFUSED
88,A1SD4B,Rate physical health of biological father,-1.0: RESPONDENT DOES NOT HAVE SAQ DATA; 1.0: EXCELLENT; 2.0: VERY GOOD; 3.0: GOOD; 4.0: FAIR; 5.0: POOR; 8.0: REFUSED; 9.0: INAPP
89,A1SE7,Area where raised,-1.0: RESPONDENT DOES NOT HAVE SAQ DATA; 1.0: RURAL; 2.0: SMALL TOWN; 3.0: MEDIUM-SIZED TOWN; 4.0: SUBURBS; 5.0: CITY; 6.0: MOVED AROUND; 8.0: REFUSED
90,A1SE9,Financial level growing up,-1.0: RESPONDENT DOES NOT HAVE SAQ DATA; 1.0:  A LOT BETTER OFF; 2.0: SOMEWHAT BETTER OFF; 3.0: A LITTLE BETTER OFF; 4.0: SAME AS AVERAGE FAMILY; 5.0: A LITTLE WORSE OFF; 6.0: SOMEWHAT WORSE OFF; 7.0: A LOT WORSE OFF; 98.0: REFUSED
91,A1SE10,Parents financial level when they were age you are now,-1.0: RESPONDENT DOES NOT HAVE SAQ DATA; 1.0:  A LOT BETTER OFF; 2.0: SOMEWHAT BETTER OFF; 3.0: A LITTLE BETTER OFF; 4.0: SAME AS YOU; 5.0: A LITTLE WORSE OFF; 6.0: SOMEWHAT WORSE OFF; 7.0: A LOT WORSE OFF; 97.0: DON'T KNOW; 98.0: REFUSED
92,A1SE13,Mother - Relationship with,-1.0: RESPONDENT DOES NOT HAVE SAQ DATA; 1.0: EXCELLENT; 2.0: VERY GOOD; 3.0: GOOD; 4.0: FAIR; 5.0: POOR; 8.0: REFUSED; 9.0: INAPP
93,A1SE15,Father - Relationship with,-1.0: RESPONDENT DOES NOT HAVE SAQ DATA; 1.0: EXCELLENT; 2.0: VERY GOOD; 3.0: GOOD; 4.0: FAIR; 5.0: POOR; 8.0: REFUSED; 9.0: INAPP
94,A1SF1A,Life most aspects of my personality,-1.0: RESPONDENT DOES NOT HAVE SAQ DATA; 1.0: AGREE STRONGLY; 2.0: AGREE SOMEWHAT; 3.0: AGREE A LITTLE; 4.0: DON'T KNOW; 5.0: DISAGREE A LITTLE; 6.0: DISAGREE SOMEWHAT; 7.0: DISAGREE STRONGLY; 8.0: REFUSED
95,A1SF1B,Pleased with how life turned out,-1.0: RESPONDENT DOES NOT HAVE SAQ DATA; 1.0: AGREE STRONGLY; 2.0: AGREE SOMEWHAT; 3.0: AGREE A LITTLE; 4.0: DON'T KNOW; 5.0: DISAGREE A LITTLE; 6.0: DISAGREE SOMEWHAT; 7.0: DISAGREE STRONGLY; 8.0: REFUSED
96,A1SF1C,"Some wander aimlessly, but not me",-1.0: RESPONDENT DOES NOT HAVE SAQ DATA; 1.0: AGREE STRONGLY; 2.0: AGREE SOMEWHAT; 3.0: AGREE A LITTLE; 4.0: DON'T KNOW; 5.0: DISAGREE A LITTLE; 6.0: DISAGREE SOMEWHAT; 7.0: DISAGREE STRONGLY; 8.0: REFUSED
97,A1SF1D,Demands of everyday life often get me down,-1.0: RESPONDENT DOES NOT HAVE SAQ DATA; 1.0: AGREE STRONGLY; 2.0: AGREE SOMEWHAT; 3.0: AGREE A LITTLE; 4.0: DON'T KNOW; 5.0: DISAGREE A LITTLE; 6.0: DISAGREE SOMEWHAT; 7.0: DISAGREE STRONGLY; 8.0: REFUSED
98,A1SF1E,Disappointed about achievements in life,-1.0: RESPONDENT DOES NOT HAVE SAQ DATA; 1.0: AGREE STRONGLY; 2.0: AGREE SOMEWHAT; 3.0: AGREE A LITTLE; 4.0: DON'T KNOW; 5.0: DISAGREE A LITTLE; 6.0: DISAGREE SOMEWHAT; 7.0: DISAGREE STRONGLY; 8.0: REFUSED
99,A1SF1F,Maintaining close relationships difficult,-1.0: RESPONDENT DOES NOT HAVE SAQ DATA; 1.0: AGREE STRONGLY; 2.0: AGREE SOMEWHAT; 3.0: AGREE A LITTLE; 4.0: DON'T KNOW; 5.0: DISAGREE A LITTLE; 6.0: DISAGREE SOMEWHAT; 7.0: DISAGREE STRONGLY; 8.0: REFUSED
100,A1SF1G,"Live life day by day, don't think about future",-1.0: RESPONDENT DOES NOT HAVE SAQ DATA; 1.0: AGREE STRONGLY; 2.0: AGREE SOMEWHAT; 3.0: AGREE A LITTLE; 4.0: DON'T KNOW; 5.0: DISAGREE A LITTLE; 6.0: DISAGREE SOMEWHAT; 7.0: DISAGREE STRONGLY; 8.0: REFUSED
101,A1SF1H,In charge of situation in which I live,-1.0: RESPONDENT DOES NOT HAVE SAQ DATA; 1.0: AGREE STRONGLY; 2.0: AGREE SOMEWHAT; 3.0: AGREE A LITTLE; 4.0: DON'T KNOW; 5.0: DISAGREE A LITTLE; 6.0: DISAGREE SOMEWHAT; 7.0: DISAGREE STRONGLY; 8.0: REFUSED
102,A1SF1I,Good managing daily responsibilities,-1.0: RESPONDENT DOES NOT HAVE SAQ DATA; 1.0: AGREE STRONGLY; 2.0: AGREE SOMEWHAT; 3.0: AGREE A LITTLE; 4.0: DON'T KNOW; 5.0: DISAGREE A LITTLE; 6.0: DISAGREE SOMEWHAT; 7.0: DISAGREE STRONGLY; 8.0: REFUSED
103,A1SF1J,Done all there is to do in life,-1.0: RESPONDENT DOES NOT HAVE SAQ DATA; 1.0: AGREE STRONGLY; 2.0: AGREE SOMEWHAT; 3.0: AGREE A LITTLE; 4.0: DON'T KNOW; 5.0: DISAGREE A LITTLE; 6.0: DISAGREE SOMEWHAT; 7.0: DISAGREE STRONGLY; 8.0: REFUSED
104,A1SF1K,Life process of learning/changing/growth,-1.0: RESPONDENT DOES NOT HAVE SAQ DATA; 1.0: AGREE STRONGLY; 2.0: AGREE SOMEWHAT; 3.0: AGREE A LITTLE; 4.0: DON'T KNOW; 5.0: DISAGREE A LITTLE; 6.0: DISAGREE SOMEWHAT; 7.0: DISAGREE STRONGLY; 8.0: REFUSED
105,A1SF1L,Experience challenge how think important,-1.0: RESPONDENT DOES NOT HAVE SAQ DATA; 1.0: AGREE STRONGLY; 2.0: AGREE SOMEWHAT; 3.0: AGREE A LITTLE; 4.0: DON'T KNOW; 5.0: DISAGREE A LITTLE; 6.0: DISAGREE SOMEWHAT; 7.0: DISAGREE STRONGLY; 8.0: REFUSED
106,A1SF1M,Others describe me as giving/share time,-1.0: RESPONDENT DOES NOT HAVE SAQ DATA; 1.0: AGREE STRONGLY; 2.0: AGREE SOMEWHAT; 3.0: AGREE A LITTLE; 4.0: DON'T KNOW; 5.0: DISAGREE A LITTLE; 6.0: DISAGREE SOMEWHAT; 7.0: DISAGREE STRONGLY; 8.0: REFUSED
107,A1SF1N,Gave up try making improvements long ago,-1.0: RESPONDENT DOES NOT HAVE SAQ DATA; 1.0: AGREE STRONGLY; 2.0: AGREE SOMEWHAT; 3.0: AGREE A LITTLE; 4.0: DON'T KNOW; 5.0: DISAGREE A LITTLE; 6.0: DISAGREE SOMEWHAT; 7.0: DISAGREE STRONGLY; 8.0: REFUSED
108,A1SF1O,Influenced by people with strong opinions,-1.0: RESPONDENT DOES NOT HAVE SAQ DATA; 1.0: AGREE STRONGLY; 2.0: AGREE SOMEWHAT; 3.0: AGREE A LITTLE; 4.0: DON'T KNOW; 5.0: DISAGREE A LITTLE; 6.0: DISAGREE SOMEWHAT; 7.0: DISAGREE STRONGLY; 8.0: REFUSED
109,A1SF1P,No experience warm and trusting relationships,-1.0: RESPONDENT DOES NOT HAVE SAQ DATA; 1.0: AGREE STRONGLY; 2.0: AGREE SOMEWHAT; 3.0: AGREE A LITTLE; 4.0: DON'T KNOW; 5.0: DISAGREE A LITTLE; 6.0: DISAGREE SOMEWHAT; 7.0: DISAGREE STRONGLY; 8.0: REFUSED
110,A1SF1Q,Confidence in my opinions even if contrary,-1.0: RESPONDENT DOES NOT HAVE SAQ DATA; 1.0: AGREE STRONGLY; 2.0: AGREE SOMEWHAT; 3.0: AGREE A LITTLE; 4.0: DON'T KNOW; 5.0: DISAGREE A LITTLE; 6.0: DISAGREE SOMEWHAT; 7.0: DISAGREE STRONGLY; 8.0: REFUSED
111,A1SF1R,Judge self by what I think is important,-1.0: RESPONDENT DOES NOT HAVE SAQ DATA; 1.0: AGREE STRONGLY; 2.0: AGREE SOMEWHAT; 3.0: AGREE A LITTLE; 4.0: DON'T KNOW; 5.0: DISAGREE A LITTLE; 6.0: DISAGREE SOMEWHAT; 7.0: DISAGREE STRONGLY; 8.0: REFUSED
112,A1SF1S,Little can do to change important things,-1.0: RESPONDENT DOES NOT HAVE SAQ DATA; 1.0: AGREE STRONGLY; 2.0: AGREE SOMEWHAT; 3.0: AGREE A LITTLE; 4.0: DON'T KNOW; 5.0: DISAGREE A LITTLE; 6.0: DISAGREE SOMEWHAT; 7.0: DISAGREE STRONGLY; 8.0: REFUSED
113,A1SF1T,Helpless dealing with problems of life,-1.0: RESPONDENT DOES NOT HAVE SAQ DATA; 1.0: AGREE STRONGLY; 2.0: AGREE SOMEWHAT; 3.0: AGREE A LITTLE; 4.0: DON'T KNOW; 5.0: DISAGREE A LITTLE; 6.0: DISAGREE SOMEWHAT; 7.0: DISAGREE STRONGLY; 8.0: REFUSED
114,A1SF1U,Do just about anything I set my mind to,-1.0: RESPONDENT DOES NOT HAVE SAQ DATA; 1.0: AGREE STRONGLY; 2.0: AGREE SOMEWHAT; 3.0: AGREE A LITTLE; 4.0: DON'T KNOW; 5.0: DISAGREE A LITTLE; 6.0: DISAGREE SOMEWHAT; 7.0: DISAGREE STRONGLY; 8.0: REFUSED
115,A1SF1V,Others determine what I can and cannot do,-1.0: RESPONDENT DOES NOT HAVE SAQ DATA; 1.0: AGREE STRONGLY; 2.0: AGREE SOMEWHAT; 3.0: AGREE A LITTLE; 4.0: DON'T KNOW; 5.0: DISAGREE A LITTLE; 6.0: DISAGREE SOMEWHAT; 7.0: DISAGREE STRONGLY; 8.0: REFUSED
116,A1SF1W,What happens in life is beyond my control,-1.0: RESPONDENT DOES NOT HAVE SAQ DATA; 1.0: AGREE STRONGLY; 2.0: AGREE SOMEWHAT; 3.0: AGREE A LITTLE; 4.0: DON'T KNOW; 5.0: DISAGREE A LITTLE; 6.0: DISAGREE SOMEWHAT; 7.0: DISAGREE STRONGLY; 8.0: REFUSED
117,A1SF1X,"When really want something, find way",-1.0: RESPONDENT DOES NOT HAVE SAQ DATA; 1.0: AGREE STRONGLY; 2.0: AGREE SOMEWHAT; 3.0: AGREE A LITTLE; 4.0: DON'T KNOW; 5.0: DISAGREE A LITTLE; 6.0: DISAGREE SOMEWHAT; 7.0: DISAGREE STRONGLY; 8.0: REFUSED
118,A1SF1Y,Many things interfere with what I want do,-1.0: RESPONDENT DOES NOT HAVE SAQ DATA; 1.0: AGREE STRONGLY; 2.0: AGREE SOMEWHAT; 3.0: AGREE A LITTLE; 4.0: DON'T KNOW; 5.0: DISAGREE A LITTLE; 6.0: DISAGREE SOMEWHAT; 7.0: DISAGREE STRONGLY; 8.0: REFUSED
119,A1SF1Z,Whether I get what want is in own hands,-1.0: RESPONDENT DOES NOT HAVE SAQ DATA; 1.0: AGREE STRONGLY; 2.0: AGREE SOMEWHAT; 3.0: AGREE A LITTLE; 4.0: DON'T KNOW; 5.0: DISAGREE A LITTLE; 6.0: DISAGREE SOMEWHAT; 7.0: DISAGREE STRONGLY; 8.0: REFUSED
120,A1SF1AA,Little control over things happen to me,-1.0: RESPONDENT DOES NOT HAVE SAQ DATA; 1.0: AGREE STRONGLY; 2.0: AGREE SOMEWHAT; 3.0: AGREE A LITTLE; 4.0: DON'T KNOW; 5.0: DISAGREE A LITTLE; 6.0: DISAGREE SOMEWHAT; 7.0: DISAGREE STRONGLY; 8.0: REFUSED
121,A1SF1BB,Really no way I can solve problems I have,-1.0: RESPONDENT DOES NOT HAVE SAQ DATA; 1.0: AGREE STRONGLY; 2.0: AGREE SOMEWHAT; 3.0: AGREE A LITTLE; 4.0: DON'T KNOW; 5.0: DISAGREE A LITTLE; 6.0: DISAGREE SOMEWHAT; 7.0: DISAGREE STRONGLY; 8.0: REFUSED
122,A1SF1CC,Feel pushed around in life,-1.0: RESPONDENT DOES NOT HAVE SAQ DATA; 1.0: AGREE STRONGLY; 2.0: AGREE SOMEWHAT; 3.0: AGREE A LITTLE; 4.0: DON'T KNOW; 5.0: DISAGREE A LITTLE; 6.0: DISAGREE SOMEWHAT; 7.0: DISAGREE STRONGLY; 8.0: REFUSED
123,A1SF1DD,Happens to me in future depends on me,-1.0: RESPONDENT DOES NOT HAVE SAQ DATA; 1.0: AGREE STRONGLY; 2.0: AGREE SOMEWHAT; 3.0: AGREE A LITTLE; 4.0: DON'T KNOW; 5.0: DISAGREE A LITTLE; 6.0: DISAGREE SOMEWHAT; 7.0: DISAGREE STRONGLY; 8.0: REFUSED
124,A1SF2A,Women can have full and happy lives without marrying,-1.0: RESPONDENT DOES NOT HAVE SAQ DATA; 1.0: AGREE STRONGLY; 2.0: AGREE SOMEWHAT; 3.0: AGREE A LITTLE; 4.0: DON'T KNOW; 5.0: DISAGREE A LITTLE; 6.0: DISAGREE SOMEWHAT; 7.0: DISAGREE STRONGLY; 8.0: REFUSED
125,A1SF2B,Employed mothers can have just as good a relationship with children,-1.0: RESPONDENT DOES NOT HAVE SAQ DATA; 1.0: AGREE STRONGLY; 2.0: AGREE SOMEWHAT; 3.0: AGREE A LITTLE; 4.0: DON'T KNOW; 5.0: DISAGREE A LITTLE; 6.0: DISAGREE SOMEWHAT; 7.0: DISAGREE STRONGLY; 8.0: REFUSED
126,A1SF2C,Children need to be raised in a family with both parents,-1.0: RESPONDENT DOES NOT HAVE SAQ DATA; 1.0: AGREE STRONGLY; 2.0: AGREE SOMEWHAT; 3.0: AGREE A LITTLE; 4.0: DON'T KNOW; 5.0: DISAGREE A LITTLE; 6.0: DISAGREE SOMEWHAT; 7.0: DISAGREE STRONGLY; 8.0: REFUSED
127,A1SF2D,Men should share equally with their wives,-1.0: RESPONDENT DOES NOT HAVE SAQ DATA; 1.0: AGREE STRONGLY; 2.0: AGREE SOMEWHAT; 3.0: AGREE A LITTLE; 4.0: DON'T KNOW; 5.0: DISAGREE A LITTLE; 6.0: DISAGREE SOMEWHAT; 7.0: DISAGREE STRONGLY; 8.0: REFUSED
128,A1SF2E,Men can have full and happy lives without marrying,-1.0: RESPONDENT DOES NOT HAVE SAQ DATA; 1.0: AGREE STRONGLY; 2.0: AGREE SOMEWHAT; 3.0: AGREE A LITTLE; 4.0: DON'T KNOW; 5.0: DISAGREE A LITTLE; 6.0: DISAGREE SOMEWHAT; 7.0: DISAGREE STRONGLY; 8.0: REFUSED
129,A1SF2F,Women can have full and happy lives without any children,-1.0: RESPONDENT DOES NOT HAVE SAQ DATA; 1.0: AGREE STRONGLY; 2.0: AGREE SOMEWHAT; 3.0: AGREE A LITTLE; 4.0: DON'T KNOW; 5.0: DISAGREE A LITTLE; 6.0: DISAGREE SOMEWHAT; 7.0: DISAGREE STRONGLY; 8.0: REFUSED
130,A1SF2G,Men can have full and happy lives without any children,-1.0: RESPONDENT DOES NOT HAVE SAQ DATA; 1.0: AGREE STRONGLY; 2.0: AGREE SOMEWHAT; 3.0: AGREE A LITTLE; 4.0: DON'T KNOW; 5.0: DISAGREE A LITTLE; 6.0: DISAGREE SOMEWHAT; 7.0: DISAGREE STRONGLY; 8.0: REFUSED
131,A1SF2H,Partner who puts in the fewest hours at work should do most household chores,-1.0: RESPONDENT DOES NOT HAVE SAQ DATA; 1.0: AGREE STRONGLY; 2.0: AGREE SOMEWHAT; 3.0: AGREE A LITTLE; 4.0: DON'T KNOW; 5.0: DISAGREE A LITTLE; 6.0: DISAGREE SOMEWHAT; 7.0: DISAGREE STRONGLY; 8.0: REFUSED
132,A1SF2I,Partner who earns the least money should do most household chores,-1.0: RESPONDENT DOES NOT HAVE SAQ DATA; 1.0: AGREE STRONGLY; 2.0: AGREE SOMEWHAT; 3.0: AGREE A LITTLE; 4.0: DON'T KNOW; 5.0: DISAGREE A LITTLE; 6.0: DISAGREE SOMEWHAT; 7.0: DISAGREE STRONGLY; 8.0: REFUSED
133,A1SF2J,Single parents can rear children just as well as married adults,-1.0: RESPONDENT DOES NOT HAVE SAQ DATA; 1.0: AGREE STRONGLY; 2.0: AGREE SOMEWHAT; 3.0: AGREE A LITTLE; 4.0: DON'T KNOW; 5.0: DISAGREE A LITTLE; 6.0: DISAGREE SOMEWHAT; 7.0: DISAGREE STRONGLY; 8.0: REFUSED
134,A1SF2K,Men should share equally with their wives in taking care of children,-1.0: RESPONDENT DOES NOT HAVE SAQ DATA; 1.0: AGREE STRONGLY; 2.0: AGREE SOMEWHAT; 3.0: AGREE A LITTLE; 4.0: DON'T KNOW; 5.0: DISAGREE A LITTLE; 6.0: DISAGREE SOMEWHAT; 7.0: DISAGREE STRONGLY; 8.0: REFUSED
135,A1SF6A,Choose goals - Focus or keep options open,-1.0: RESPONDENT DOES NOT HAVE SAQ DATA; 1.0: A LOT MORE LIKE A; 2.0: SOMEWHAT MORE LIKE A; 3.0: A LITTLE MORE LIKE A; 4.0: A LITTLE MORE LIKE B; 5.0: SOMEWHAT MORE LIKE B; 6.0: A LOT MORE LIKE B; 8.0: REFUSED
136,A1SF6B,Reach goals - Practice skill or opportunities,-1.0: RESPONDENT DOES NOT HAVE SAQ DATA; 1.0: A LOT MORE LIKE A; 2.0: SOMEWHAT MORE LIKE A; 3.0: A LITTLE MORE LIKE A; 4.0: A LITTLE MORE LIKE B; 5.0: SOMEWHAT MORE LIKE B; 6.0: A LOT MORE LIKE B; 8.0: REFUSED
137,A1SF6C,Have no skill for goal - Seek or reconsider,-1.0: RESPONDENT DOES NOT HAVE SAQ DATA; 1.0: A LOT MORE LIKE A; 2.0: SOMEWHAT MORE LIKE A; 3.0: A LITTLE MORE LIKE A; 4.0: A LITTLE MORE LIKE B; 5.0: SOMEWHAT MORE LIKE B; 6.0: A LOT MORE LIKE B; 8.0: REFUSED
138,A1SF7A,Focus on a few goals 10 years ago,-1.0: RESPONDENT DOES NOT HAVE SAQ DATA; 1.0: A LOT MORE LIKE A; 2.0: SOMEWHAT MORE LIKE A; 3.0: A LITTLE MORE LIKE A; 4.0: A LITTLE MORE LIKE B; 5.0: SOMEWHAT MORE LIKE B; 6.0: A LOT MORE LIKE B; 8.0: REFUSED
139,A1SF7B,Work hard to reach goals 10 years ago,-1.0: RESPONDENT DOES NOT HAVE SAQ DATA; 1.0: A LOT MORE LIKE A; 2.0: SOMEWHAT MORE LIKE A; 3.0: A LITTLE MORE LIKE A; 4.0: A LITTLE MORE LIKE B; 5.0: SOMEWHAT MORE LIKE B; 6.0: A LOT MORE LIKE B; 8.0: REFUSED
140,A1SF7C,Do what can to reach goals 10 years ago,-1.0: RESPONDENT DOES NOT HAVE SAQ DATA; 1.0: A LOT MORE LIKE A; 2.0: SOMEWHAT MORE LIKE A; 3.0: A LITTLE MORE LIKE A; 4.0: A LITTLE MORE LIKE B; 5.0: SOMEWHAT MORE LIKE B; 6.0: A LOT MORE LIKE B; 8.0: REFUSED
141,A1SF8A,Focus on a few goals 10 years ahead,-1.0: RESPONDENT DOES NOT HAVE SAQ DATA; 1.0: A LOT MORE LIKE A; 2.0: SOMEWHAT MORE LIKE A; 3.0: A LITTLE MORE LIKE A; 4.0: A LITTLE MORE LIKE B; 5.0: SOMEWHAT MORE LIKE B; 6.0: A LOT MORE LIKE B; 8.0: REFUSED
142,A1SF8B,Work hard to reach goals 10 years ahead,-1.0: RESPONDENT DOES NOT HAVE SAQ DATA; 1.0: A LOT MORE LIKE A; 2.0: SOMEWHAT MORE LIKE A; 3.0: A LITTLE MORE LIKE A; 4.0: A LITTLE MORE LIKE B; 5.0: SOMEWHAT MORE LIKE B; 6.0: A LOT MORE LIKE B; 8.0: REFUSED
143,A1SF8C,Do what can to reach goals 10 years ahead,-1.0: RESPONDENT DOES NOT HAVE SAQ DATA; 1.0: A LOT MORE LIKE A; 2.0: SOMEWHAT MORE LIKE A; 3.0: A LITTLE MORE LIKE A; 4.0: A LITTLE MORE LIKE B; 5.0: SOMEWHAT MORE LIKE B; 6.0: A LOT MORE LIKE B; 8.0: REFUSED
144,A1SI11,Main reason unemployed during longest period,-1.0: RESPONDENT DOES NOT HAVE SAQ DATA; 1.0: WANTED TO WORK BUT COULD NOT FIND A JOB; 2.0: PHYSICAL INJURY OR ILLNESS KEPT YOU FROM WORKING; 3.0: MENTAL OR EMOTIONAL PROBLEMS KEPT YOU FROM WORKING; 4.0: ALCOHOL OR SUBSTANCE ABUSE KEPT YOU FROM WORKING; 5.0: DID NOT WORK BECAUSE OF FAMILY RESPONSIBILITIES; 6.0: ATTENDING SCHOOL PART-TIME; 7.0: CHOSE NOT TO WORK TO PURSUE PERSONAL INTERESTS; 98.0: REFUSED; 99.0: INAPP
145,A1SI15A,Work days in average week (frequency),-1.0: RESPONDENT DOES NOT HAVE SAQ DATA; 1.0: 4 OR MORE TIMES PER WEEK; 2.0: 2 TO 3 TIMES PER WEEK; 3.0: ONCE A WEEK; 4.0: 1 TO 3 TIMES PER MONTH; 5.0: LESS THAN ONCE A MONTH OR NEVER; 8.0: REFUSED; 9.0: INAPP
146,A1SI15B,Work evenings in average week (frequency),-1.0: RESPONDENT DOES NOT HAVE SAQ DATA; 1.0: 4 OR MORE TIMES PER WEEK; 2.0: 2 TO 3 TIMES PER WEEK; 3.0: ONCE A WEEK; 4.0: 1 TO 3 TIMES PER MONTH; 5.0: LESS THAN ONCE A MONTH OR NEVER; 8.0: REFUSED; 9.0: INAPP
147,A1SI15C,Work nights in average week (frequency),-1.0: RESPONDENT DOES NOT HAVE SAQ DATA; 1.0: 4 OR MORE TIMES PER WEEK; 2.0: 2 TO 3 TIMES PER WEEK; 3.0: ONCE A WEEK; 4.0: 1 TO 3 TIMES PER MONTH; 5.0: LESS THAN ONCE A MONTH OR NEVER; 8.0: REFUSED; 9.0: INAPP
148,A1SI15D,Work weekends in average week (frequency),-1.0: RESPONDENT DOES NOT HAVE SAQ DATA; 1.0: 4 OR MORE TIMES PER WEEK; 2.0: 2 TO 3 TIMES PER WEEK; 3.0: ONCE A WEEK; 4.0: 1 TO 3 TIMES PER MONTH; 5.0: LESS THAN ONCE A MONTH OR NEVER; 8.0: REFUSED; 9.0: INAPP
149,A1SI21,Chances could keep job for next 2 years,-1.0: RESPONDENT DOES NOT HAVE SAQ DATA; 1.0: EXCELLENT; 2.0: VERY GOOD; 3.0: GOOD; 4.0: FAIR; 5.0: POOR; 8.0: REFUSED; 9.0: INAPP
150,A1SI22,Job effect on physical health,-1.0: RESPONDENT DOES NOT HAVE SAQ DATA; 1.0: VERY POSITIVE; 2.0: SOMEWHAT POSITIVE; 3.0: NEITHER POSITIVE NOR NEGATIVE/BALANCES OUT; 4.0: SOMEWHAT NEGATIVE; 5.0: VERY NEGATIVE; 8.0: REFUSED; 9.0: INAPP
151,A1SI23,Job effect on emotional/mental health,-1.0: RESPONDENT DOES NOT HAVE SAQ DATA; 1.0: VERY POSITIVE; 2.0: SOMEWHAT POSITIVE; 3.0: NEITHER POSITIVE NOR NEGATIVE/BALANCES OUT; 4.0: SOMEWHAT NEGATIVE; 5.0: VERY NEGATIVE; 8.0: REFUSED; 9.0: INAPP
152,A1SI26,Seriousness of job injury,-1.0: RESPONDENT DOES NOT HAVE SAQ DATA; 1.0: VERY SERIOUS; 2.0: MODERATELY SERIOUS; 3.0: SOMEWHAT SERIOUS; 4.0: A LITTLE SERIOUS; 5.0: NOT VERY SERIOUS AT ALL; 8.0: REFUSED; 9.0: INAPP
153,A1SI27A,Job reduces effort to activities at home,-1.0: RESPONDENT DOES NOT HAVE SAQ DATA; 1.0: ALL OF THE TIME; 2.0: MOST OF THE TIME; 3.0: SOMETIMES; 4.0: RARELY; 5.0: NEVER; 8.0: REFUSED; 9.0: INAPP
154,A1SI27B,Job stress makes irritable at home,-1.0: RESPONDENT DOES NOT HAVE SAQ DATA; 1.0: ALL OF THE TIME; 2.0: MOST OF THE TIME; 3.0: SOMETIMES; 4.0: RARELY; 5.0: NEVER; 8.0: REFUSED; 9.0: INAPP
155,A1SI27C,Job makes too tired to do things at home,-1.0: RESPONDENT DOES NOT HAVE SAQ DATA; 1.0: ALL OF THE TIME; 2.0: MOST OF THE TIME; 3.0: SOMETIMES; 4.0: RARELY; 5.0: NEVER; 8.0: REFUSED; 9.0: INAPP
156,A1SI27D,Job problems distract you at home,-1.0: RESPONDENT DOES NOT HAVE SAQ DATA; 1.0: ALL OF THE TIME; 2.0: MOST OF THE TIME; 3.0: SOMETIMES; 4.0: RARELY; 5.0: NEVER; 8.0: REFUSED; 9.0: INAPP
157,A1SI27E,Job helps to deal with issues at home,-1.0: RESPONDENT DOES NOT HAVE SAQ DATA; 1.0: ALL OF THE TIME; 2.0: MOST OF THE TIME; 3.0: SOMETIMES; 4.0: RARELY; 5.0: NEVER; 8.0: REFUSED; 9.0: INAPP
158,A1SI27F,Job makes you more interesting at home,-1.0: RESPONDENT DOES NOT HAVE SAQ DATA; 1.0: ALL OF THE TIME; 2.0: MOST OF THE TIME; 3.0: SOMETIMES; 4.0: RARELY; 5.0: NEVER; 8.0: REFUSED; 9.0: INAPP
159,A1SI27G,Job makes you better companion at home,-1.0: RESPONDENT DOES NOT HAVE SAQ DATA; 1.0: ALL OF THE TIME; 2.0: MOST OF THE TIME; 3.0: SOMETIMES; 4.0: RARELY; 5.0: NEVER; 8.0: REFUSED; 9.0: INAPP
160,A1SI27H,Job skills useful at home,-1.0: RESPONDENT DOES NOT HAVE SAQ DATA; 1.0: ALL OF THE TIME; 2.0: MOST OF THE TIME; 3.0: SOMETIMES; 4.0: RARELY; 5.0: NEVER; 8.0: REFUSED; 9.0: INAPP
161,A1SI27I,Home responsibilities reduce job effort,-1.0: RESPONDENT DOES NOT HAVE SAQ DATA; 1.0: ALL OF THE TIME; 2.0: MOST OF THE TIME; 3.0: SOMETIMES; 4.0: RARELY; 5.0: NEVER; 8.0: REFUSED; 9.0: INAPP
162,A1SI27J,Personal worries distract you at job,-1.0: RESPONDENT DOES NOT HAVE SAQ DATA; 1.0: ALL OF THE TIME; 2.0: MOST OF THE TIME; 3.0: SOMETIMES; 4.0: RARELY; 5.0: NEVER; 8.0: REFUSED; 9.0: INAPP
163,A1SI27K,Home chores prevent sleep to do job,-1.0: RESPONDENT DOES NOT HAVE SAQ DATA; 1.0: ALL OF THE TIME; 2.0: MOST OF THE TIME; 3.0: SOMETIMES; 4.0: RARELY; 5.0: NEVER; 8.0: REFUSED; 9.0: INAPP
164,A1SI27L,Home stress makes irritable at job,-1.0: RESPONDENT DOES NOT HAVE SAQ DATA; 1.0: ALL OF THE TIME; 2.0: MOST OF THE TIME; 3.0: SOMETIMES; 4.0: RARELY; 5.0: NEVER; 8.0: REFUSED; 9.0: INAPP
165,A1SI27M,Talk someone at home helps job problems,-1.0: RESPONDENT DOES NOT HAVE SAQ DATA; 1.0: ALL OF THE TIME; 2.0: MOST OF THE TIME; 3.0: SOMETIMES; 4.0: RARELY; 5.0: NEVER; 8.0: REFUSED; 9.0: INAPP
166,A1SI27N,Providing home makes work harder at job,-1.0: RESPONDENT DOES NOT HAVE SAQ DATA; 1.0: ALL OF THE TIME; 2.0: MOST OF THE TIME; 3.0: SOMETIMES; 4.0: RARELY; 5.0: NEVER; 8.0: REFUSED; 9.0: INAPP
167,A1SI27O,Home love makes you confident at job,-1.0: RESPONDENT DOES NOT HAVE SAQ DATA; 1.0: ALL OF THE TIME; 2.0: MOST OF THE TIME; 3.0: SOMETIMES; 4.0: RARELY; 5.0: NEVER; 8.0: REFUSED; 9.0: INAPP
168,A1SI27P,Home helps to relax for next workday,-1.0: RESPONDENT DOES NOT HAVE SAQ DATA; 1.0: ALL OF THE TIME; 2.0: MOST OF THE TIME; 3.0: SOMETIMES; 4.0: RARELY; 5.0: NEVER; 8.0: REFUSED; 9.0: INAPP
169,A1SI28A,Work intensively at job,-1.0: RESPONDENT DOES NOT HAVE SAQ DATA; 1.0: ALL OF THE TIME; 2.0: MOST OF THE TIME; 3.0: SOMETIMES; 4.0: RARELY; 5.0: NEVER; 8.0: REFUSED; 9.0: INAPP
170,A1SI28B,Learn new things at job,-1.0: RESPONDENT DOES NOT HAVE SAQ DATA; 1.0: ALL OF THE TIME; 2.0: MOST OF THE TIME; 3.0: SOMETIMES; 4.0: RARELY; 5.0: NEVER; 8.0: REFUSED; 9.0: INAPP
171,A1SI28C,Work demands high skill level,-1.0: RESPONDENT DOES NOT HAVE SAQ DATA; 1.0: ALL OF THE TIME; 2.0: MOST OF THE TIME; 3.0: SOMETIMES; 4.0: RARELY; 5.0: NEVER; 8.0: REFUSED; 9.0: INAPP
172,A1SI28D,Initiate things at job,-1.0: RESPONDENT DOES NOT HAVE SAQ DATA; 1.0: ALL OF THE TIME; 2.0: MOST OF THE TIME; 3.0: SOMETIMES; 4.0: RARELY; 5.0: NEVER; 8.0: REFUSED; 9.0: INAPP
173,A1SI28E,Choice how to do work tasks,-1.0: RESPONDENT DOES NOT HAVE SAQ DATA; 1.0: ALL OF THE TIME; 2.0: MOST OF THE TIME; 3.0: SOMETIMES; 4.0: RARELY; 5.0: NEVER; 8.0: REFUSED; 9.0: INAPP
174,A1SI28F,Choice what tasks to do at work,-1.0: RESPONDENT DOES NOT HAVE SAQ DATA; 1.0: ALL OF THE TIME; 2.0: MOST OF THE TIME; 3.0: SOMETIMES; 4.0: RARELY; 5.0: NEVER; 8.0: REFUSED; 9.0: INAPP
175,A1SI28G,Say in work decisions,-1.0: RESPONDENT DOES NOT HAVE SAQ DATA; 1.0: ALL OF THE TIME; 2.0: MOST OF THE TIME; 3.0: SOMETIMES; 4.0: RARELY; 5.0: NEVER; 8.0: REFUSED; 9.0: INAPP
176,A1SI28H,Say in planning work environment,-1.0: RESPONDENT DOES NOT HAVE SAQ DATA; 1.0: ALL OF THE TIME; 2.0: MOST OF THE TIME; 3.0: SOMETIMES; 4.0: RARELY; 5.0: NEVER; 8.0: REFUSED; 9.0: INAPP
177,A1SI28I,Job provides variety interesting things,-1.0: RESPONDENT DOES NOT HAVE SAQ DATA; 1.0: ALL OF THE TIME; 2.0: MOST OF THE TIME; 3.0: SOMETIMES; 4.0: RARELY; 5.0: NEVER; 8.0: REFUSED; 9.0: INAPP
178,A1SI28J,Work demands hard to combine,-1.0: RESPONDENT DOES NOT HAVE SAQ DATA; 1.0: ALL OF THE TIME; 2.0: MOST OF THE TIME; 3.0: SOMETIMES; 4.0: RARELY; 5.0: NEVER; 8.0: REFUSED; 9.0: INAPP
179,A1SI29A,Too many demands at job (12 months),-1.0: RESPONDENT DOES NOT HAVE SAQ DATA; 1.0: ALL OF THE TIME; 2.0: MOST OF THE TIME; 3.0: SOMETIMES; 4.0: RARELY; 5.0: NEVER; 8.0: REFUSED; 9.0: INAPP
180,A1SI29B,Control amount of time at tasks at job (12 months),-1.0: RESPONDENT DOES NOT HAVE SAQ DATA; 1.0: ALL OF THE TIME; 2.0: MOST OF THE TIME; 3.0: SOMETIMES; 4.0: RARELY; 5.0: NEVER; 8.0: REFUSED; 9.0: INAPP
181,A1SI29C,Time to get everything done at job (12 months),-1.0: RESPONDENT DOES NOT HAVE SAQ DATA; 1.0: ALL OF THE TIME; 2.0: MOST OF THE TIME; 3.0: SOMETIMES; 4.0: RARELY; 5.0: NEVER; 8.0: REFUSED; 9.0: INAPP
182,A1SI29D,Lot of interruptions at job (12 months),-1.0: RESPONDENT DOES NOT HAVE SAQ DATA; 1.0: ALL OF THE TIME; 2.0: MOST OF THE TIME; 3.0: SOMETIMES; 4.0: RARELY; 5.0: NEVER; 8.0: REFUSED; 9.0: INAPP
183,A1SI30A,Coworker help/support,-1.0: RESPONDENT DOES NOT HAVE SAQ DATA; 1.0: ALL OF THE TIME; 2.0: MOST OF THE TIME; 3.0: SOMETIMES; 4.0: RARELY; 5.0: NEVER; 6.0: DOES NOT APPLY; 8.0: REFUSED; 9.0: INAPP
184,A1SI30B,Coworker listen to work-related problems,-1.0: RESPONDENT DOES NOT HAVE SAQ DATA; 1.0: ALL OF THE TIME; 2.0: MOST OF THE TIME; 3.0: SOMETIMES; 4.0: RARELY; 5.0: NEVER; 6.0: DOES NOT APPLY; 8.0: REFUSED; 9.0: INAPP
185,A1SI30C,Supervisor gives needed information,-1.0: RESPONDENT DOES NOT HAVE SAQ DATA; 1.0: ALL OF THE TIME; 2.0: MOST OF THE TIME; 3.0: SOMETIMES; 4.0: RARELY; 5.0: NEVER; 6.0: DOES NOT APPLY; 8.0: REFUSED; 9.0: INAPP
186,A1SI30D,Supervisor help/support,-1.0: RESPONDENT DOES NOT HAVE SAQ DATA; 1.0: ALL OF THE TIME; 2.0: MOST OF THE TIME; 3.0: SOMETIMES; 4.0: RARELY; 5.0: NEVER; 6.0: DOES NOT APPLY; 8.0: REFUSED; 9.0: INAPP
187,A1SI30E,Supervisor listen to work-related problems,-1.0: RESPONDENT DOES NOT HAVE SAQ DATA; 1.0: ALL OF THE TIME; 2.0: MOST OF THE TIME; 3.0: SOMETIMES; 4.0: RARELY; 5.0: NEVER; 6.0: DOES NOT APPLY; 8.0: REFUSED; 9.0: INAPP
188,A1SI32A,Too many demands at home (12 months),-1.0: RESPONDENT DOES NOT HAVE SAQ DATA; 1.0: ALL OF THE TIME; 2.0: MOST OF THE TIME; 3.0: SOMETIMES; 4.0: RARELY; 5.0: NEVER; 8.0: REFUSED
189,A1SI32B,Control amount of time at tasks at home (12 months),-1.0: RESPONDENT DOES NOT HAVE SAQ DATA; 1.0: ALL OF THE TIME; 2.0: MOST OF THE TIME; 3.0: SOMETIMES; 4.0: RARELY; 5.0: NEVER; 8.0: REFUSED
190,A1SI32C,Time to get everything done at home (12 months),-1.0: RESPONDENT DOES NOT HAVE SAQ DATA; 1.0: ALL OF THE TIME; 2.0: MOST OF THE TIME; 3.0: SOMETIMES; 4.0: RARELY; 5.0: NEVER; 8.0: REFUSED
191,A1SI32D,Lot of interruptions at home (12 months),-1.0: RESPONDENT DOES NOT HAVE SAQ DATA; 1.0: ALL OF THE TIME; 2.0: MOST OF THE TIME; 3.0: SOMETIMES; 4.0: RARELY; 5.0: NEVER; 8.0: REFUSED
192,A1SJ8,Respondent's wages last calendar year,"-1.0: RESPONDENT DOES NOT HAVE SAQ DATA; 1.0: LESS THAN $0/LOSS; 2.0: $0 (NONE); 3.0: $1 - $999; 4.0: $1,000 - $1,999; 5.0: $2,000 - $2,999; 6.0: $3,000 - $3,999; 7.0: $4,000 - $4,999; 8.0: $5,000 - $5,999; 9.0: $6,000 - $6,999; 10.0: $7,000 - $7,999; 11.0: $8,000 - $8,999; 12.0: $9,000 - $9,999; 13.0: $10,000 - $10,999; 14.0: $11,000 - $11,999; 15.0: $12,000 - $12,999; 16.0: $13,000 - $13,999; 17.0: $14,000 - $14,999; 18.0: $15,000 - $15,999; 19.0: $16,000 - $16,999; 20.0: $17,000 - $17,999; 21.0: $18,000 - $18,999; 22.0: $19,000 - $19,999; 23.0: $20,000 - $24,999; 24.0: $25,000 - $29,999; 25.0: $30,000 - $34,999; 26.0: $35,000 - $39,999; 27.0: $40,000 - $44,999; 28.0: $45,000 - $49,999; 29.0: $50,000 - $74,999; 30.0: $75,000 - $99,999; 31.0: $100,000 - $149,999; 32.0: $150,000 - $199,999; 33.0: $200,000 OR MORE; 98.0: REFUSED"
193,A1SJ9,Spouse/partner's wages last calendar year,"-1.0: RESPONDENT DOES NOT HAVE SAQ DATA; 1.0: LESS THAN $0/LOSS; 2.0: $0 (NONE); 3.0: $1 - $999; 4.0: $1,000 - $1,999; 5.0: $2,000 - $2,999; 6.0: $3,000 - $3,999; 7.0: $4,000 - $4,999; 8.0: $5,000 - $5,999; 9.0: $6,000 - $6,999; 10.0: $7,000 - $7,999; 11.0: $8,000 - $8,999; 12.0: $9,000 - $9,999; 13.0: $10,000 - $10,999; 14.0: $11,000 - $11,999; 15.0: $12,000 - $12,999; 16.0: $13,000 - $13,999; 17.0: $14,000 - $14,999; 18.0: $15,000 - $15,999; 19.0: $16,000 - $16,999; 20.0: $17,000 - $17,999; 21.0: $18,000 - $18,999; 22.0: $19,000 - $19,999; 23.0: $20,000 - $24,999; 24.0: $25,000 - $29,999; 25.0: $30,000 - $34,999; 26.0: $35,000 - $39,999; 27.0: $40,000 - $44,999; 28.0: $45,000 - $49,999; 29.0: $50,000 - $74,999; 30.0: $75,000 - $99,999; 31.0: $100,000 - $149,999; 32.0: $150,000 - $199,999; 33.0: $200,000 OR MORE; 98.0: REFUSED"
194,A1SJ10,Other family member's wages last calendar year,"-1.0: RESPONDENT DOES NOT HAVE SAQ DATA; 1.0: LESS THAN $0/LOSS; 2.0: $0 (NONE); 3.0: $1 - $999; 4.0: $1,000 - $1,999; 5.0: $2,000 - $2,999; 6.0: $3,000 - $3,999; 7.0: $4,000 - $4,999; 8.0: $5,000 - $5,999; 9.0: $6,000 - $6,999; 10.0: $7,000 - $7,999; 11.0: $8,000 - $8,999; 12.0: $9,000 - $9,999; 13.0: $10,000 - $10,999; 14.0: $11,000 - $11,999; 15.0: $12,000 - $12,999; 16.0: $13,000 - $13,999; 17.0: $14,000 - $14,999; 18.0: $15,000 - $15,999; 19.0: $16,000 - $16,999; 20.0: $17,000 - $17,999; 21.0: $18,000 - $18,999; 22.0: $19,000 - $19,999; 23.0: $20,000 - $24,999; 24.0: $25,000 - $29,999; 25.0: $30,000 - $34,999; 26.0: $35,000 - $39,999; 27.0: $40,000 - $44,999; 28.0: $45,000 - $49,999; 29.0: $50,000 - $74,999; 30.0: $75,000 - $99,999; 31.0: $100,000 - $149,999; 32.0: $150,000 - $199,999; 33.0: $200,000 OR MORE; 98.0: REFUSED"
195,A1SJ11,Household income from social security (12 months),"-1.0: RESPONDENT DOES NOT HAVE SAQ DATA; 1.0: LESS THAN $0/LOSS; 2.0: $0 (NONE); 3.0: $1 - $999; 4.0: $1,000 - $1,999; 5.0: $2,000 - $2,999; 6.0: $3,000 - $3,999; 7.0: $4,000 - $4,999; 8.0: $5,000 - $5,999; 9.0: $6,000 - $6,999; 10.0: $7,000 - $7,999; 11.0: $8,000 - $8,999; 12.0: $9,000 - $9,999; 13.0: $10,000 - $10,999; 14.0: $11,000 - $11,999; 15.0: $12,000 - $12,999; 16.0: $13,000 - $13,999; 17.0: $14,000 - $14,999; 18.0: $15,000 - $15,999; 19.0: $16,000 - $16,999; 20.0: $17,000 - $17,999; 21.0: $18,000 - $18,999; 22.0: $19,000 - $19,999; 23.0: $20,000 - $24,999; 24.0: $25,000 - $29,999; 25.0: $30,000 - $34,999; 26.0: $35,000 - $39,999; 27.0: $40,000 - $44,999; 28.0: $45,000 - $49,999; 29.0: $50,000 - $74,999; 30.0: $75,000 - $99,999; 31.0: $100,000 - $149,999; 32.0: $150,000 - $199,999; 33.0: $200,000 OR MORE; 98.0: REFUSED"
196,A1SJ12,Total household income from government assistance (12 months),"-1.0: RESPONDENT DOES NOT HAVE SAQ DATA; 1.0: LESS THAN $0/LOSS; 2.0: $0 (NONE); 3.0: $1 - $999; 4.0: $1,000 - $1,999; 5.0: $2,000 - $2,999; 6.0: $3,000 - $3,999; 7.0: $4,000 - $4,999; 8.0: $5,000 - $5,999; 9.0: $6,000 - $6,999; 10.0: $7,000 - $7,999; 11.0: $8,000 - $8,999; 12.0: $9,000 - $9,999; 13.0: $10,000 - $10,999; 14.0: $11,000 - $11,999; 15.0: $12,000 - $12,999; 16.0: $13,000 - $13,999; 17.0: $14,000 - $14,999; 18.0: $15,000 - $15,999; 19.0: $16,000 - $16,999; 20.0: $17,000 - $17,999; 21.0: $18,000 - $18,999; 22.0: $19,000 - $19,999; 23.0: $20,000 - $24,999; 24.0: $25,000 - $29,999; 25.0: $30,000 - $34,999; 26.0: $35,000 - $39,999; 27.0: $40,000 - $44,999; 28.0: $45,000 - $49,999; 29.0: $50,000 OR MORE; 98.0: REFUSED"
197,A1SJ13,Household all other income (12 months),"-1.0: RESPONDENT DOES NOT HAVE SAQ DATA; 1.0: LESS THAN $0/LOSS; 2.0: $0 (NONE); 3.0: $1 - $999; 4.0: $1,000 - $1,999; 5.0: $2,000 - $2,999; 6.0: $3,000 - $3,999; 7.0: $4,000 - $4,999; 8.0: $5,000 - $5,999; 9.0: $6,000 - $6,999; 10.0: $7,000 - $7,999; 11.0: $8,000 - $8,999; 12.0: $9,000 - $9,999; 13.0: $10,000 - $10,999; 14.0: $11,000 - $11,999; 15.0: $12,000 - $12,999; 16.0: $13,000 - $13,999; 17.0: $14,000 - $14,999; 18.0: $15,000 - $15,999; 19.0: $16,000 - $16,999; 20.0: $17,000 - $17,999; 21.0: $18,000 - $18,999; 22.0: $19,000 - $19,999; 23.0: $20,000 - $24,999; 24.0: $25,000 - $29,999; 25.0: $30,000 - $34,999; 26.0: $35,000 - $39,999; 27.0: $40,000 - $44,999; 28.0: $45,000 - $49,999; 29.0: $50,000 - $74,999; 30.0: $75,000 - $99,999; 31.0: $100,000 - $149,999; 32.0: $150,000 - $199,999; 33.0: $200,000 OR MORE; 98.0: REFUSED"
198,A1SJ15,Amount you would owe or have,-1.0: RESPONDENT DOES NOT HAVE SAQ DATA; 1.0: LESS THAN $0/LOSS; 2.0: $0/NONE; 3.0: $1-999; 4.0: $1000-1999; 5.0: $2000-2999; 6.0: $3000-3999; 7.0: $4000-4999; 8.0: $5000-5999; 9.0: $6000-6999; 10.0: $7000-7999; 11.0: $8000-8999; 12.0: $9000-9999; 13.0: $10000-10999; 14.0: $11000-11999; 15.0: $12000-12999; 16.0: $13000-13999; 17.0: $14000-14999; 18.0: $15000-15999; 19.0: $16000-16999; 20.0: $17000-17999; 21.0: $18000-18999; 22.0: $19000-19999; 23.0: $20000-24999; 24.0: $25000-29999; 25.0: $30000-34999; 26.0: $35000-39999; 27.0: $40000-44999; 28.0: $45000-49999; 29.0: $50000-74999; 30.0: $75000-99999; 31.0: $100000-149999; 32.0: $150000-199999; 33.0: $200000-299999; 34.0: $300000-499999; 35.0: $500000-999999; 36.0: $1000000 OR MORE; 98.0: REFUSED
199,A1SK17A,World is too complex for me,-1.0: RESPONDENT DOES NOT HAVE SAQ DATA; 1.0: AGREE STRONGLY; 2.0: AGREE SOMEWHAT; 3.0: AGREE A LITTLE; 4.0: DON'T KNOW; 5.0: DISAGREE A LITTLE; 6.0: DISAGREE SOMEWHAT; 7.0: DISAGREE STRONGLY; 8.0: REFUSED
200,A1SK17B,Do not feel I belong to community,-1.0: RESPONDENT DOES NOT HAVE SAQ DATA; 1.0: AGREE STRONGLY; 2.0: AGREE SOMEWHAT; 3.0: AGREE A LITTLE; 4.0: DON'T KNOW; 5.0: DISAGREE A LITTLE; 6.0: DISAGREE SOMEWHAT; 7.0: DISAGREE STRONGLY; 8.0: REFUSED
201,A1SK17C,People who do a favor expect nothing,-1.0: RESPONDENT DOES NOT HAVE SAQ DATA; 1.0: AGREE STRONGLY; 2.0: AGREE SOMEWHAT; 3.0: AGREE A LITTLE; 4.0: DON'T KNOW; 5.0: DISAGREE A LITTLE; 6.0: DISAGREE SOMEWHAT; 7.0: DISAGREE STRONGLY; 8.0: REFUSED
202,A1SK17D,Have something valuable to give world,-1.0: RESPONDENT DOES NOT HAVE SAQ DATA; 1.0: AGREE STRONGLY; 2.0: AGREE SOMEWHAT; 3.0: AGREE A LITTLE; 4.0: DON'T KNOW; 5.0: DISAGREE A LITTLE; 6.0: DISAGREE SOMEWHAT; 7.0: DISAGREE STRONGLY; 8.0: REFUSED
203,A1SK17E,World is becoming better place,-1.0: RESPONDENT DOES NOT HAVE SAQ DATA; 1.0: AGREE STRONGLY; 2.0: AGREE SOMEWHAT; 3.0: AGREE A LITTLE; 4.0: DON'T KNOW; 5.0: DISAGREE A LITTLE; 6.0: DISAGREE SOMEWHAT; 7.0: DISAGREE STRONGLY; 8.0: REFUSED
204,A1SK17F,Feel close to others in community,-1.0: RESPONDENT DOES NOT HAVE SAQ DATA; 1.0: AGREE STRONGLY; 2.0: AGREE SOMEWHAT; 3.0: AGREE A LITTLE; 4.0: DON'T KNOW; 5.0: DISAGREE A LITTLE; 6.0: DISAGREE SOMEWHAT; 7.0: DISAGREE STRONGLY; 8.0: REFUSED
205,A1SK17G,Daily activities not worthwhile for community,-1.0: RESPONDENT DOES NOT HAVE SAQ DATA; 1.0: AGREE STRONGLY; 2.0: AGREE SOMEWHAT; 3.0: AGREE A LITTLE; 4.0: DON'T KNOW; 5.0: DISAGREE A LITTLE; 6.0: DISAGREE SOMEWHAT; 7.0: DISAGREE STRONGLY; 8.0: REFUSED
206,A1SK17H,Cannot make sense of world,-1.0: RESPONDENT DOES NOT HAVE SAQ DATA; 1.0: AGREE STRONGLY; 2.0: AGREE SOMEWHAT; 3.0: AGREE A LITTLE; 4.0: DON'T KNOW; 5.0: DISAGREE A LITTLE; 6.0: DISAGREE SOMEWHAT; 7.0: DISAGREE STRONGLY; 8.0: REFUSED
207,A1SK17I,Society stopped making progress,-1.0: RESPONDENT DOES NOT HAVE SAQ DATA; 1.0: AGREE STRONGLY; 2.0: AGREE SOMEWHAT; 3.0: AGREE A LITTLE; 4.0: DON'T KNOW; 5.0: DISAGREE A LITTLE; 6.0: DISAGREE SOMEWHAT; 7.0: DISAGREE STRONGLY; 8.0: REFUSED
208,A1SK17J,People do not care about others problems,-1.0: RESPONDENT DOES NOT HAVE SAQ DATA; 1.0: AGREE STRONGLY; 2.0: AGREE SOMEWHAT; 3.0: AGREE A LITTLE; 4.0: DON'T KNOW; 5.0: DISAGREE A LITTLE; 6.0: DISAGREE SOMEWHAT; 7.0: DISAGREE STRONGLY; 8.0: REFUSED
209,A1SK17K,Community is source of comfort,-1.0: RESPONDENT DOES NOT HAVE SAQ DATA; 1.0: AGREE STRONGLY; 2.0: AGREE SOMEWHAT; 3.0: AGREE A LITTLE; 4.0: DON'T KNOW; 5.0: DISAGREE A LITTLE; 6.0: DISAGREE SOMEWHAT; 7.0: DISAGREE STRONGLY; 8.0: REFUSED
210,A1SK17L,Easy to predict society future,-1.0: RESPONDENT DOES NOT HAVE SAQ DATA; 1.0: AGREE STRONGLY; 2.0: AGREE SOMEWHAT; 3.0: AGREE A LITTLE; 4.0: DON'T KNOW; 5.0: DISAGREE A LITTLE; 6.0: DISAGREE SOMEWHAT; 7.0: DISAGREE STRONGLY; 8.0: REFUSED
211,A1SK17M,Society not improving for people like me,-1.0: RESPONDENT DOES NOT HAVE SAQ DATA; 1.0: AGREE STRONGLY; 2.0: AGREE SOMEWHAT; 3.0: AGREE A LITTLE; 4.0: DON'T KNOW; 5.0: DISAGREE A LITTLE; 6.0: DISAGREE SOMEWHAT; 7.0: DISAGREE STRONGLY; 8.0: REFUSED
212,A1SK17N,Believe people are kind,-1.0: RESPONDENT DOES NOT HAVE SAQ DATA; 1.0: AGREE STRONGLY; 2.0: AGREE SOMEWHAT; 3.0: AGREE A LITTLE; 4.0: DON'T KNOW; 5.0: DISAGREE A LITTLE; 6.0: DISAGREE SOMEWHAT; 7.0: DISAGREE STRONGLY; 8.0: REFUSED
213,A1SK17O,Have nothing important for society,-1.0: RESPONDENT DOES NOT HAVE SAQ DATA; 1.0: AGREE STRONGLY; 2.0: AGREE SOMEWHAT; 3.0: AGREE A LITTLE; 4.0: DON'T KNOW; 5.0: DISAGREE A LITTLE; 6.0: DISAGREE SOMEWHAT; 7.0: DISAGREE STRONGLY; 8.0: REFUSED
214,A1SL1,Contact with neighbors (frequency),-1.0: RESPONDENT DOES NOT HAVE SAQ DATA; 1.0: ALMOST EVERY DAY; 2.0: SEVERAL TIMES A WEEK; 3.0: ABOUT ONCE A WEEK; 4.0: 1-3 TIMES A MONTH; 5.0: LESS THAN ONCE A MONTH; 6.0: NEVER OR HARDLY EVER; 8.0: REFUSED
215,A1SL2,Conversation/get together with neighbor (frequency),-1.0: RESPONDENT DOES NOT HAVE SAQ DATA; 1.0: ALMOST EVERY DAY; 2.0: SEVERAL TIMES A WEEK; 3.0: ABOUT ONCE A WEEK; 4.0: 1-3 TIMES A MONTH; 5.0: LESS THAN ONCE A MONTH; 6.0: NEVER OR HARDLY EVER; 8.0: REFUSED
216,A1SM1,Contact with family members (frequency),-1.0: RESPONDENT DOES NOT HAVE SAQ DATA; 1.0: SEVERAL TIMES A DAY; 2.0: ABOUT ONCE A DAY; 3.0: SEVERAL TIMES A WEEK; 4.0: ABOUT ONCE A WEEK; 5.0: 2 OR 3 TIMES A MONTH; 6.0: ABOUT ONCE A MONTH; 7.0: LESS THAN ONCE A MONTH; 8.0: NEVER OR HARDLY EVER; 98.0: REFUSED
217,A1SM10,Contact with friends (frequency),-1.0: RESPONDENT DOES NOT HAVE SAQ DATA; 1.0: SEVERAL TIMES A DAY; 2.0: ABOUT ONCE A DAY; 3.0: SEVERAL TIMES A WEEK; 4.0: ABOUT ONCE A WEEK; 5.0: 2 OR 3 TIMES A MONTH; 6.0: ABOUT ONCE A MONTH; 7.0: LESS THAN ONCE A MONTH; 8.0: NEVER OR HARDLY EVER; 98.0: REFUSED
218,A1SM19,Friends/relative asks for advice/help,-1.0: RESPONDENT DOES NOT HAVE SAQ DATA; 1.0: NEVER; 2.0: LESS THAN ONCE A MONTH; 3.0: ONCE OR TWICE A MONTH; 4.0: THREE OR FOUR TIMES A MONTH; 5.0: A COUPLE TIMES A WEEK; 6.0: MORE OFTEN THAN A COUPLE OF TIMES A WEEK; 8.0: REFUSED
219,A1SM20,You ask friend/relative for advice/help,-1.0: RESPONDENT DOES NOT HAVE SAQ DATA; 1.0: NEVER; 2.0: LESS THAN ONCE A MONTH; 3.0: ONCE OR TWICE A MONTH; 4.0: THREE OR FOUR TIMES A MONTH; 5.0: A COUPLE TIMES A WEEK; 6.0: MORE OFTEN THAN A COUPLE OF TIMES A WEEK; 8.0: REFUSED
220,A1SP6,Describe marital relationship,-1.0: RESPONDENT DOES NOT HAVE SAQ DATA; 1.0: EXCELLENT; 2.0: VERY GOOD; 3.0: GOOD; 4.0: FAIR; 5.0: POOR; 8.0: REFUSED; 9.0: INAPP
221,A1SP7,Relationship in trouble (12 months),-1.0: RESPONDENT DOES NOT HAVE SAQ DATA; 1.0: NEVER; 2.0: ONCE; 3.0: A FEW TIMES; 4.0: MOST OF THE TIME; 5.0: ALL OF THE TIME; 8.0: REFUSED; 9.0: INAPP
222,A1SP10,Good talk with spouse/partner (frequency),-1.0: RESPONDENT DOES NOT HAVE SAQ DATA; 1.0: AT LEAST ONCE A DAY; 2.0: A FEW TIMES A WEEK; 3.0: ONCE A WEEK; 4.0: A FEW TIMES A MONTH; 5.0: LESS OFTEN THAN THAT; 8.0: REFUSED; 9.0: INAPP
223,A1SP23,Who does more household chores,-1.0: RESPONDENT DOES NOT HAVE SAQ DATA; 1.0: A LOT MORE THAN SPOUSE; 2.0: SOMEWHAT MORE THAN SPOUSE; 3.0: A LITTLE MORE THAN SPOUSE; 4.0: CHORES ARE SPLIT EQUALLY; 5.0: SPOUSE DOES A LITTLE MORE; 6.0: SPOUSE DOES SOMEWHAT MORE; 7.0: SPOUSE DOES A LOT MORE; 98.0: REFUSED; 99.0: INAPP
224,A1SP28A,Make decisions with spouse/partner as a team,-1.0: RESPONDENT DOES NOT HAVE SAQ DATA; 1.0: AGREE STRONGLY; 2.0: AGREE SOMEWHAT; 3.0: AGREE A LITTLE; 4.0: DON'T KNOW; 5.0: DISAGREE A LITTLE; 6.0: DISAGREE SOMEWHAT; 7.0: DISAGREE STRONGLY; 8.0: REFUSED; 9.0: INAPP
225,A1SP28B,Talk with spouse/partner makes things better,-1.0: RESPONDENT DOES NOT HAVE SAQ DATA; 1.0: AGREE STRONGLY; 2.0: AGREE SOMEWHAT; 3.0: AGREE A LITTLE; 4.0: DON'T KNOW; 5.0: DISAGREE A LITTLE; 6.0: DISAGREE SOMEWHAT; 7.0: DISAGREE STRONGLY; 8.0: REFUSED; 9.0: INAPP
226,A1SP28C,Talk with spouse/partner before make plans,-1.0: RESPONDENT DOES NOT HAVE SAQ DATA; 1.0: AGREE STRONGLY; 2.0: AGREE SOMEWHAT; 3.0: AGREE A LITTLE; 4.0: DON'T KNOW; 5.0: DISAGREE A LITTLE; 6.0: DISAGREE SOMEWHAT; 7.0: DISAGREE STRONGLY; 8.0: REFUSED; 9.0: INAPP
227,A1SP28D,Ask spouse/partner for advice about issues,-1.0: RESPONDENT DOES NOT HAVE SAQ DATA; 1.0: AGREE STRONGLY; 2.0: AGREE SOMEWHAT; 3.0: AGREE A LITTLE; 4.0: DON'T KNOW; 5.0: DISAGREE A LITTLE; 6.0: DISAGREE SOMEWHAT; 7.0: DISAGREE STRONGLY; 8.0: REFUSED; 9.0: INAPP
228,A1SP29,Describe spouse/partner physical health currently,-1.0: RESPONDENT DOES NOT HAVE SAQ DATA; 1.0: EXCELLENT; 2.0: VERY GOOD; 3.0: GOOD; 4.0: FAIR; 5.0: POOR; 8.0: REFUSED; 9.0: INAPP
229,A1SP30,Describe spouse/partner mental health currently,-1.0: RESPONDENT DOES NOT HAVE SAQ DATA; 1.0: EXCELLENT; 2.0: VERY GOOD; 3.0: GOOD; 4.0: FAIR; 5.0: POOR; 8.0: REFUSED; 9.0: INAPP
230,A1SP34A,Spouse/partner works days in average week (frequency),-1.0: RESPONDENT DOES NOT HAVE SAQ DATA; 1.0: 4 OR MORE TIMES PER WEEK; 2.0: 2 TO 3 TIMES PER WEEK; 3.0: ONCE A WEEK; 4.0: 1 TO 3 TIMES PER WEEK; 5.0: LESS THAN ONCE A MONTH OR NEVER; 8.0: REFUSED; 9.0: INAPP
231,A1SP34B,Spouse/partner works evenings in average week (frequency),-1.0: RESPONDENT DOES NOT HAVE SAQ DATA; 1.0: 4 OR MORE TIMES PER WEEK; 2.0: 2 TO 3 TIMES PER WEEK; 3.0: ONCE A WEEK; 4.0: 1 TO 3 TIMES PER WEEK; 5.0: LESS THAN ONCE A MONTH OR NEVER; 8.0: REFUSED; 9.0: INAPP
232,A1SP34C,Spouse/partner works nights in average week (frequency),-1.0: RESPONDENT DOES NOT HAVE SAQ DATA; 1.0: 4 OR MORE TIMES PER WEEK; 2.0: 2 TO 3 TIMES PER WEEK; 3.0: ONCE A WEEK; 4.0: 1 TO 3 TIMES PER WEEK; 5.0: LESS THAN ONCE A MONTH OR NEVER; 8.0: REFUSED; 9.0: INAPP
233,A1SP34D,Spouse/partner works weekends in average week (frequency),-1.0: RESPONDENT DOES NOT HAVE SAQ DATA; 1.0: 4 OR MORE TIMES PER WEEK; 2.0: 2 TO 3 TIMES PER WEEK; 3.0: ONCE A WEEK; 4.0: 1 TO 3 TIMES PER WEEK; 5.0: LESS THAN ONCE A MONTH OR NEVER; 8.0: REFUSED; 9.0: INAPP
234,A1SP38,Spouse/partner chances could keep job for next 2 years,-1.0: RESPONDENT DOES NOT HAVE SAQ DATA; 1.0: EXCELLENT; 2.0: VERY GOOD; 3.0: GOOD; 4.0: FAIR; 5.0: POOR; 8.0: REFUSED; 9.0: INAPP
235,A1SQ6,Number of sex partners (past year),-1.0: RESPONDENT DOES NOT HAVE SAQ DATA; 1.0: NONE; 2.0: ONE; 3.0: TWO; 4.0: THREE; 5.0: FOUR; 6.0: FIVE; 7.0: SIX OR MORE; 98.0: REFUSED
236,A1SQ8,Sex frequency (past 6 months),-1.0: RESPONDENT DOES NOT HAVE SAQ DATA; 1.0: TWO OR MORE TIMES A WEEK; 2.0: ONCE A WEEK; 3.0: TWO OR THREE TIMES A MONTH; 4.0: ONCE A MONTH; 5.0: LESS OFTEN THAN ONCE A MONTH; 6.0: NEVER OR NOT AT ALL; 8.0: REFUSED
237,A1SR1,Religious preference 1st choice,-1.0: RESPONDENT DOES NOT HAVE SAQ DATA; 1.0: PROTESTANT/INTERDENOMINATIONAL; 2.0: PROTESTANT/NO DENOMINATION; 3.0: APOSTOLIC; 4.0: ASSEMBLY OF GOD; 5.0: BAPTIST-ALL TYPES; 6.0: BORN-AGAIN CHRISTIAN; 7.0: BRETHREN; 8.0: DISCIPLES OF CHRIST/CHRISTIAN CHURCH; 9.0: CHRISTIAN REFORMED; 10.0: CHURCH OF GOD; 11.0: CONGREGATIONAL; 12.0: EPISCOPALIAN OR ANGLICAN/CHURCH OF ENGLAND; 13.0: EVANGELICAL; 14.0: HOLINESS; 15.0: JEHOVAHS WITNESS; 16.0: LUTHERAN; 17.0: MENNONITE; 18.0: METHODIST-ALL TYPES INCLUDING UNITED BRETHREN; 19.0: MORMON/LATTER DAY SAINTS; 20.0: NAZARENE; 21.0: PENTECOSTAL; 22.0: PRESBYTERIAN; 23.0: QUAKER/SOCIETY OF FRIENDS; 24.0: SALVATION ARMY; 25.0: SANCTIFIED; 26.0: SEVENTH DAY ADVENTIST; 27.0: SPIRITUAL; 28.0: UNITARIAN; 29.0: UNITED CHURCH OF CHRIST; 30.0: PROTESTANT/OTHER; 31.0: AGNOSTIC OR ATHEIST; 32.0: NO RELIGIOUS PREFERENCE; 33.0: CATHOLIC/ROMAN; 34.0: CATHOLIC/UKRAINIAN; 35.0: ORTHODOX/RUSSIAN-GREEK-SERBIAN; 36.0: CATHOLIC-ALL OTHERS; 37.0: JEWISH ORTHODOX; 38.0: JEWISH CONSERVATIVE; 39.0: JEWISH REFORM; 40.0: JEWISH RECONSTRUCTIONIST; 41.0: JEWISH/ALL OTHERS; 42.0: BUDDHIST/ALL TYPES-INCLUDING ZEN; 43.0: HINDU; 44.0: MUSLIM; 45.0: RASTAFARIAN; 46.0: OTHER; 98.0: REFUSED
238,A1SR4,Attend religious/spiritual services (frequency),-1.0: RESPONDENT DOES NOT HAVE SAQ DATA; 1.0: MORE THAN ONCE A WEEK; 2.0: ABOUT ONCE A WEEK; 3.0: ONE TO THREE TIMES A MONTH; 4.0: LESS THAN ONCE A MONTH; 5.0: NEVER; 8.0: REFUSED
239,A1SR8,Bible is actual Word of God,-1.0: RESPONDENT DOES NOT HAVE SAQ DATA; 1.0: STRONGLY AGREE; 2.0: SOMEWHAT AGREE; 3.0: NEITHER AGREE NOR DISAGREE; 4.0: SOMEWHAT DISAGREE; 5.0: STRONGLY DISAGREE; 8.0: REFUSED; 9.0: INAPP
240,A1SS2,Ethnic Group Best Describes Background,-1.0: RESPONDENT DOES NOT HAVE SAQ DATA; 1.0: AMERICAN INDIAN/NATIVE AMERICAN; 2.0: BAHAMAS; 3.0: CANADA; 4.0: COSTA RICA; 5.0: CUBA; 6.0: DOMINICAN REPUBLIC; 7.0: EL SALVADOR; 8.0: GUATEMALA; 9.0: HAITI; 10.0: HONDURAS; 11.0: JAMAICA; 12.0: MEXICO; 13.0: NICARAGUA; 14.0: PANAMA; 15.0: PUERTO RICO; 16.0: ST. VINCENT; 17.0: TRINIDAD; 18.0: CENTRAL AMERICA/CARIBBEAN-NO SPECIFIC COUNTRY; 19.0: NORTH/CENTRAL AMERICA/OTHER; 20.0: ARGENTINA; 21.0: BOLIVIA; 22.0: BRAZIL; 23.0: CHILE; 24.0: COLOMBIA; 25.0: ECUADOR; 26.0: PERU; 27.0: VENEZUELA; 28.0: S. AMERICA-NO SPECIFIC COUNTRY; 29.0: S. AMERICA/OTHER; 30.0: CZECHOSLOVAKIA; 31.0: ENGLAND; 32.0: FRANCE; 33.0: GERMANY; 34.0: GREECE; 35.0: HUNGARY; 36.0: IRELAND; 37.0: ITALY; 38.0: NORWAY; 39.0: POLAND; 40.0: PORTUGAL; 41.0: RUSSIA OR SOVIET UNION; 42.0: SCOTLAND; 43.0: SPAIN; 44.0: SWEDEN; 45.0: THE NETHERLANDS; 46.0: YUGOSLAVIA; 47.0: EASTERN EUROPE-NO SPECIFIC COUNTRY; 48.0: WESTERN EUROPE-NO SPECIFIC COUNTRY; 49.0: EUROPE/OTHER; 50.0: CHINA; 51.0: INDIA; 52.0: JAPAN; 53.0: KOREA; 54.0: PHILIPPINES; 55.0: SINGAPORE; 56.0: TAIWAN; 57.0: THAILAND; 58.0: ASIA-NO SPECIFIC COUNTRY; 59.0: ASIA/OTHER; 60.0: EGYPT; 61.0: KENYA; 62.0: NIGERIA; 63.0: SOUTH AFRICA; 64.0: ZAIRE; 65.0: ZIMBABWE; 66.0: AFRICA-NO SPECIFIC COUNTRY; 67.0: AFRICA/OTHER; 68.0: IRAN; 69.0: IRAQ; 70.0: ISRAEL; 71.0: LEBANON; 72.0: PAKISTAN; 73.0: SAUDI ARABIA; 74.0: MID EAST-NO SPECIFIC COUNTRY; 75.0: MID EAST/OTHER; 76.0: OTHER COUNTRY 1; 77.0: OTHER COUNTRY 2; 98.0: REFUSED
241,A1SS7,Which best describes your race?,-1.0: RESPONDENT DOES NOT HAVE SAQ DATA; 1.0: WHITE; 2.0: BLACK AND/OR AFRICAN AMERICAN; 3.0: NATIVE AMERICAN OR ALEUTIAN ISLANDER/ESKIMO; 4.0: ASIAN OR PACIFIC ISLANDER; 5.0: OTHER; 6.0: MULTIRACIAL; 8.0: REFUSED
